,Año,Trimestre,Provincia,Accesos por cada 100 hogares,ADSL,Cablemodem,Fibra óptica,Wireless,Otros,Mbps (Media de bajada),HASTA 512 kbps,+ 512 Kbps - 1 Mbps,+ 1 Mbps - 6 Mbps,+ 6 Mbps - 10 Mbps,+ 10 Mbps - 20 Mbps,+ 20 Mbps - 30 Mbps,+ 30 Mbps,OTROS
0,2022,3,Buenos Aires,78.11,339648,2748325,1436433,126846,70416,70,29985,27709,290315,297915,267044,12419,3618689,65821
1,2022,3,Capital Federal,49.06575,140791,1240125,129218,5758,31787,101,5170,5742,34371,67829,51946,28692,1253105,105477
2,2022,3,Catamarca,65.33,10010,10495,46224,1329,2235,61,710,3840,3107,5389,5099,3737,50298,2208
3,2022,3,Chaco,43.86,27164,61800,44645,8178,2359,53,4610,9870,16782,18938,8049,15828,79390,3711
4,2022,3,Chubut,84.38,45377,72212,9574,29784,8831,16,1090,1444,45707,3094,34682,15309,17563,20024
5,2022,3,Córdoba,88.31,163770,465461,338570,6107,9797,56,990,11312,153324,111615,70989,27112,650344,13873
6,2022,3,Corrientes,48.21,36508,77140,18619,7256,5323,45,670,3865,23427,23948,7776,21706,56950,7107
7,2022,3,Entre Ríos,63.67,60345,132952,36971,26098,12593,42,1070,5549,47210,46855,18263,32021,102195,16759
8,2022,3,Formosa,43.76,14470,25880,11041,16935,2120,30,970,3070,23538,19545,6194,5640,17704,5890
9,2022,3,Jujuy,58.91,19257,52978,40172,4033,2383,32,580,1879,19135,15254,36083,5190,45895,0
10,2022,3,La Pampa,96.59,7796,60078,23551,20216,4451,18,680,1887,61540,9653,11592,5609,22731,3012
11,2022,3,La Rioja,80.66,6842,53899,19697,6395,310,44,180,6890,2842,3375,24219,5331,50390,0
12,2022,3,Mendoza,51.03,37659,78858,142615,27625,2766,34,1030,2953,44232,21977,48201,17243,150043,4771
13,2022,3,Misiones,51.82,35513,88902,39046,11074,7622,49,510,3749,36628,20758,12676,19615,80330,835
14,2022,3,Neuquén,80.37,29352,75815,29396,27482,1116,48,1340,9910,38485,1408,92,67,78713,14858
15,2022,3,Río Negro,67.98,35552,48260,41017,1676,18969,34,1110,1221,32936,1786,27934,13629,42596,24271
16,2022,3,Salta,57.76,40006,96984,50254,10082,7215,41,1140,149,32923,71199,5662,1001,85661,6491
17,2022,3,San Juan,50.8,38570,22723,12328,2186,7918,16,240,2027,30324,11247,22157,678,19221,11619
18,2022,3,San Luis,81.74,6860,29363,248,70614,14985,19,600,3070,6563,20813,12061,67438,13,14815
19,2022,3,Santa Cruz,43.19,10170,24047,10815,3896,5820,13,520,6841,12342,11313,11378,2333,4604,6470
20,2022,3,Santa Fe,78.55,183740,426255,215189,43079,19547,45,4680,11132,132709,198588,70897,57455,396352,20209
21,2022,3,Santiago Del Estero,47.98,15385,80937,13170,6618,2922,18,1780,1384,28357,58982,16087,9100,12342,7920
22,2022,3,Tierra Del Fuego,99.51,12754,39963,403,1250,6510,11,220,8310,12002,14815,20102,1752,1021,3351
23,2022,3,Tucumán,61.14,77738,18518,162345,3997,5190,53,390,2047,32571,39018,25214,4348,159600,2800
24,2022,2,Buenos Aires,77.58,350652,2719613,1399043,126847,71028,66,30639,28323,295238,307554,273954,129869,3535757,65849
25,2022,2,Capital Federal,49.06575,145491,1232226,121506,5757,31791,94,5170,598,36036,72434,55372,31571,1229254,105607
26,2022,2,Catamarca,62.4,11928,9430,42087,1329,2234,57,710,4130,3678,6155,7165,3393,43926,2207
27,2022,2,Chaco,43.79,29552,61284,42194,8178,2356,51,4610,1047,17603,20109,8391,15974,76271,3708
28,2022,2,Chubut,83.19,45377,69242,9574,29784,8828,15,1090,1444,45804,31217,3429,14526,15394,20021
29,2022,2,Córdoba,87.48,179181,467595,308895,61107,9657,54,990,11971,160486,120485,71923,28645,619400,13426
30,2022,2,Corrientes,48.35,38468,75769,18181,7256,5323,43,670,3937,24253,24842,8001,21719,55071,7107
31,2022,2,Entre Ríos,63.9,63794,131029,35839,26098,12592,40,1070,5656,48637,48557,18512,32355,98769,16759
32,2022,2,Formosa,43.42,15397,25487,9875,1691,2120,28,970,4070,23834,19706,633,5910,16326,5900
33,2022,2,Jujuy,57.32,20303,54495,34184,3955,2377,29,580,1829,19458,1579,37786,5490,37391,2453
34,2022,2,La Pampa,92.98,7796,59273,22994,202,1264,16,680,1887,62546,9842,118,5247,17125,3012
35,2022,2,La Rioja,80.14,7759,52656,19189,6395,310,43,180,7280,3179,389,23814,5481,48920,0
36,2022,2,Mendoza,49.39,37663,77504,135504,26964,1927,30,1030,2954,44961,22557,64138,19543,121366,394
37,2022,2,Misiones,51.0,37208,89260,33649,11074,7622,46,510,3808,37254,21712,12774,19757,75107,835
38,2022,2,Neuquén,80.02,29749,74905,28824,27371,1119,47,1340,9990,38826,15066,9205,2039,76982,18717
39,2022,2,Río Negro,67.85,36050,47040,40946,1676,18968,33,1110,1227,33364,17938,27168,13714,41972,2427
40,2022,2,Salta,57.54,42665,96178,47076,10068,719,39,1140,153,33732,72661,6012,1156,81478,6494
41,2022,2,San Juan,49.46,38570,19734,12328,21859,7916,14,240,2027,30385,11276,24649,3728,16701,11617
42,2022,2,San Luis,81.76,6860,29034,248,70614,14985,19,600,3060,6840,21217,11052,67438,13,14815
43,2022,2,Santa Cruz,43.15,10170,23725,10815,3896,5790,12,520,6841,12348,11369,11885,2454,3592,6440
44,2022,2,Santa Fe,77.9,198492,428233,189503,43081,1955,42,4680,11757,138534,204381,74133,58114,373888,17584
45,2022,2,Santiago Del Estero,47.7,16561,80338,11605,6618,2922,16,1780,1401,29581,59931,14606,8830,10672,7920
46,2022,2,Tierra Del Fuego,99.86,12754,39837,403,1250,6510,11,220,8310,12052,14828,19968,1712,1006,3351
47,2022,2,Tucumán,59.31,85893,15327,148823,3997,4870,50,390,2195,34461,43513,23634,4863,145541,2810
48,2022,1,Buenos Aires,76.08,392045,2728865,1242121,125521,66872,63,31591,30056,313382,321756,290127,161183,3381049,2628
49,2022,1,Capital Federal,49.06575,102290,1217225,62308,5784,29934,88,5270,5575,39918,7739,61053,43289,1188072,1717
50,2022,1,Catamarca,58.21,14181,15517,29118,1328,2234,51,710,4560,4386,7009,8773,3761,35715,2207
51,2022,1,Chaco,44.06,32391,64546,36662,8164,2356,46,4610,1099,16888,21235,20898,13012,62946,758
52,2022,1,Chubut,88.05,44133,66667,9184,30592,21052,13,1130,1677,61369,31856,3308,13871,14055,15607
53,2022,1,Córdoba,85.76,195610,501799,235838,60843,9713,50,1000,12782,165922,126009,73967,34892,577027,13104
54,2022,1,Corrientes,47.64,40462,79093,10875,6774,5374,38,670,4029,24563,25665,27077,10452,43631,7094
55,2022,1,Entre Ríos,63.7,67159,138986,23091,26098,12592,36,1070,5745,50075,4962,42294,21578,81757,1675
56,2022,1,Formosa,34.96,16397,15927,5146,16876,2020,30,970,4480,24113,6945,6613,7160,15028,5880
57,2022,1,Jujuy,58.06,21307,60616,25949,4662,3975,28,580,1761,22141,16321,37923,5760,35287,2442
58,2022,1,La Pampa,91.66,8003,58978,21739,19903,1109,15,3010,2223,62812,9869,12044,525,14400,2833
59,2022,1,La Rioja,78.77,9103,59228,9546,6395,310,41,180,7780,3576,4692,23624,5645,45970,0
60,2022,1,Mendoza,48.74,49464,74145,123228,26969,1379,26,1140,3355,51230,26407,74178,21566,95048,3287
61,2022,1,Misiones,49.04,39147,91752,25178,7807,7624,42,510,3873,35655,22261,26855,15854,58610,8349
62,2022,1,Neuquén,74.17,28443,73200,24193,23098,7450,43,1370,1123,39856,15623,11163,2654,71238,7885
63,2022,1,Río Negro,67.04,38662,45366,38037,16815,18494,31,1160,1383,35565,18859,26926,14144,37729,22652
64,2022,1,Salta,56.11,44714,98667,40994,595,719,37,1140,1725,35576,68246,6313,2214,76838,6489
65,2022,1,San Juan,43.55,34038,14449,11294,20723,7674,12,260,2269,32356,11914,25144,2088,11916,2465
66,2022,1,San Luis,80.72,7987,11296,31,71809,28721,21,610,6430,8287,3837,9802,68612,13,28589
67,2022,1,Santa Cruz,43.34,10537,23420,10766,3974,4050,11,510,6898,12710,11502,12277,2628,2551,4850
68,2022,1,Santa Fe,77.3,213486,444609,146552,45261,20571,39,4680,12435,143796,208361,84787,58018,344170,18444
69,2022,1,Santiago Del Estero,47.17,18118,87979,1093,6349,2922,14,1780,1401,30220,6117,13542,8490,8309,7920
70,2022,1,Tierra Del Fuego,98.29,13031,38700,416,1240,3400,11,240,8940,12849,1564,18034,1767,982,2421
71,2022,1,Tucumán,57.39,92532,62396,86174,3995,4870,47,390,2212,36028,46961,21014,5211,133846,2730
72,2021,4,Buenos Aires,75.66,426325,2706506,1176024,126887,73415,60,37821,11026,352950,331292,297296,196021,3259793,22958
73,2021,4,Capital Federal,49.06575,111360,1205128,60005,5679,29947,83,5630,1695,47133,81899,66135,66755,1147939,0
74,2021,4,Catamarca,55.25,16385,13858,25100,1512,2235,46,710,0,6038,7855,9804,3262,29827,2233
75,2021,4,Chaco,44.05,35548,63145,34688,8005,2359,42,4610,1120,18845,22678,21937,13692,58435,7585
76,2021,4,Chubut,82.57,46361,57412,9655,28041,18839,9,1260,1294,63698,39568,31175,578,2904,15763
77,2021,4,Córdoba,84.51,212011,487489,217214,61277,8779,46,1000,2479,184548,130892,76246,41198,538700,12607
78,2021,4,Corrientes,45.51,42523,71183,10138,6778,529,36,670,6450,28830,26368,22922,10087,39911,7082
79,2021,4,Entre Ríos,63.16,70459,133387,23452,25022,12726,33,1070,3024,56043,49636,38295,24068,77290,16583
80,2021,4,Formosa,34.45,17211,15111,5151,16018,1720,29,840,0,22908,6983,6811,1135,13775,1967
81,2021,4,Jujuy,56.92,22330,60511,24156,2927,3991,27,580,1750,22446,16793,38134,5640,33421,2324
82,2021,4,La Pampa,89.57,8175,58000,20192,19286,1354,14,3010,4930,64840,9082,12259,4821,12184,3027
83,2021,4,La Rioja,77.92,10387,56651,9446,6613,310,40,180,10,5018,5437,23559,5671,43424,0
84,2021,4,Mendoza,47.51,59842,71553,109667,24666,1859,22,1560,1463,66428,30308,75214,18621,75031,3660
85,2021,4,Misiones,49.06,41778,92068,22035,7649,7602,39,510,50,41916,23554,26721,15954,54596,8335
86,2021,4,Neuquén,73.3,29175,72761,23253,21531,7460,40,1400,9400,42313,13264,10515,331,69217,7767
87,2021,4,Río Negro,65.69,42037,44495,32212,16558,18451,27,1560,1174,38373,19878,31255,413,36142,22645
88,2021,4,Salta,56.81,46972,99808,39555,5882,7188,34,1140,200,40673,69324,6642,3535,72622,6475
89,2021,4,San Juan,39.59,35868,13102,11072,11423,8493,11,440,1442,28906,10955,23978,3980,9800,4435
90,2021,4,San Luis,80.3,8472,11064,30,7056,28723,21,620,2640,8550,4276,9107,67363,9,29218
91,2021,4,Santa Cruz,43.05,10790,22902,10031,4346,4170,9,520,2970,20305,11641,13054,177,876,4910
92,2021,4,Santa Fe,77.09,233427,444373,128856,43556,16229,36,4670,5810,169706,206856,8569,62349,322015,18777
93,2021,4,Santiago Del Estero,47.05,19032,86563,1088,6256,2922,14,1780,9090,31915,61524,12205,8000,7537,7930
94,2021,4,Tierra Del Fuego,98.4,13317,38148,426,1240,3420,11,260,3850,13505,16534,16562,1748,1017,258
95,2021,4,Tucumán,55.93,97830,59022,78790,2511,4860,45,390,970,37321,48736,21023,5326,125857,2400
96,2021,3,Buenos Aires,71.68,585729,2595485,885613,120228,64554,56,37193,31149,1108940,248153,141383,192797,2482266,9728
97,2021,3,Capital Federal,49.06575,142902,1192107,42966,6059,29371,78,2950,6030,156978,67013,39785,73502,1075229,0
98,2021,3,Catamarca,52.71,18413,11709,22331,1568,2233,43,710,0,6755,8428,10517,1659,26618,2206
99,2021,3,Chaco,42.96,38258,63659,27583,8018,2353,39,3010,1120,22545,20986,23852,14412,49705,7958
100,2021,3,Chubut,80.71,49269,55794,8946,23376,18681,8,1040,1050,89168,26281,18538,532,1643,14907
101,2021,3,Córdoba,81.28,229275,477223,167495,57617,15178,42,990,2452,204989,141285,6505,47198,476459,9256
102,2021,3,Corrientes,44.9,44805,69403,7542,6766,5303,32,670,6450,29629,28478,24792,9687,35468,5053
103,2021,3,Entre Ríos,62.18,74443,128752,20485,235,13195,30,1070,3024,61354,59776,39114,16284,67961,12755
104,2021,3,Formosa,33.96,18093,14111,4730,1569,1710,27,3810,0,22778,7142,6978,1192,12707,1617
105,2021,3,Jujuy,55.69,23554,60758,19926,2952,3968,26,480,1750,23884,16417,37755,5610,29917,2401
106,2021,3,La Pampa,84.28,9015,57881,17817,14479,1295,13,2980,3130,65063,7395,8737,4023,10506,4152
107,2021,3,La Rioja,77.26,11329,54744,9444,6613,300,39,180,10,5366,5979,23315,4868,42613,0
108,2021,3,Mendoza,45.55,91474,71247,70579,21811,8280,13,360,310,151871,1264,62628,7596,21087,500
109,2021,3,Misiones,45.57,43230,89469,10969,7198,7662,31,510,50,41932,25099,26079,14792,42291,8279
110,2021,3,Neuquén,69.71,29650,73794,16455,1927,6400,38,1120,3270,57441,8566,6234,3631,57919,5579
111,2021,3,Río Negro,61.97,47934,44519,18725,15031,18376,25,1250,5570,68991,373,1488,2282,34011,20009
112,2021,3,Salta,55.96,49212,98318,36126,5724,6453,31,1010,200,41431,70104,6962,3878,67010,6327
113,2021,3,San Juan,39.46,40072,12922,6670,11372,8447,7,180,3330,59873,7520,1325,3380,278,4641
114,2021,3,San Luis,79.87,8417,11884,27,68856,2868,22,600,0,11552,2405,6491,67942,22,29392
115,2021,3,Santa Cruz,43.75,12347,22961,6328,4269,3071,8,500,0,30561,8365,6799,1788,678,7350
116,2021,3,Santa Fe,75.02,245929,443156,93412,43447,1564,33,4670,5790,193207,20125,83941,5508,290793,16267
117,2021,3,Santiago Del Estero,47.0,19939,85535,909,6147,2928,13,1230,9090,32752,61838,11274,8010,6863,8980
118,2021,3,Tierra Del Fuego,94.95,12853,36958,6,160,3900,10,170,0,23723,13397,9782,1433,976,8950
119,2021,3,Tucumán,54.64,104489,53868,70964,2408,7430,42,320,970,39446,50293,21986,53,115154,1640
120,2021,2,Buenos Aires,70.0,603255,2503830,854173,113546,57547,53,37192,31178,1096049,244001,140322,236897,2337604,9108
121,2021,2,Capital Federal,49.06575,148989,1175097,41318,558,29371,73,2940,6030,157558,73568,43859,86655,1037752,660
122,2021,2,Catamarca,52.34,20305,9426,22331,1449,2233,42,710,0,7219,9091,6828,4941,25388,2206
123,2021,2,Chaco,43.33,39826,62948,27584,8018,2353,37,3010,1120,23444,21574,24032,16069,47239,7958
124,2021,2,Chubut,72.29,49271,41497,6081,23682,18706,8,1040,1050,89639,22605,16604,3896,1112,5172
125,2021,2,Córdoba,80.12,239780,467782,151855,55944,15519,40,990,2452,201757,136516,6695,70824,442357,9925
126,2021,2,Corrientes,43.54,46648,67262,3731,6557,5303,30,670,6450,29419,27037,24524,10059,32697,5053
127,2021,2,Entre Ríos,61.66,77836,124957,17856,23786,13197,28,1070,3024,63518,55349,39468,18484,61605,16077
128,2021,2,Formosa,33.23,19571,12509,3610,1569,1710,24,3810,0,22364,731,746,1341,11077,1618
129,2021,2,Jujuy,56.18,24738,60800,19611,2731,3968,26,480,1750,24182,16577,37908,6070,29950,2401
130,2021,2,La Pampa,82.08,9017,57014,17132,13209,1295,12,2980,5540,64146,7769,8128,3399,9311,4062
131,2021,2,La Rioja,76.98,11627,54255,9445,6245,300,39,180,10,5312,5971,23298,4825,42158,190
132,2021,2,Mendoza,40.97,91503,70834,44696,21811,8270,13,360,310,137462,10886,56117,4403,20686,500
133,2021,2,Misiones,45.01,44960,87861,10376,5317,7662,29,510,50,41643,25907,25811,16172,38308,8279
134,2021,2,Neuquén,69.14,30083,72690,15619,19218,6400,36,1120,3270,57713,8631,5871,5943,54008,5645
135,2021,2,Río Negro,61.94,48189,43761,18727,15031,18376,24,1250,5570,69356,3663,15019,3867,31488,20009
136,2021,2,Salta,54.93,51396,96016,32050,5724,6453,29,1010,200,42543,67012,7099,9654,58882,6328
137,2021,2,San Juan,39.28,40072,12369,6673,11372,8447,7,180,3330,59989,7840,1255,3400,278,4641
138,2021,2,San Luis,83.48,8417,11308,28,6686,36205,22,600,0,11752,2703,5418,65946,22,36917
139,2021,2,Santa Cruz,44.01,12347,22967,6328,4269,3071,8,500,0,30595,8463,6888,1575,676,7350
140,2021,2,Santa Fe,75.07,256741,431915,90424,43997,17523,31,4670,8960,202018,204077,80452,75195,262124,15371
141,2021,2,Santiago Del Estero,46.56,20734,83770,909,5081,3596,13,1230,9090,32034,62224,10359,8110,6064,1566
142,2021,2,Tierra Del Fuego,67.89,12853,22504,6,140,3160,9,170,0,21335,6913,458,4760,889,1483
143,2021,2,Tucumán,54.93,110429,48359,71683,1837,7430,40,320,970,40224,51648,23732,5022,109616,268
144,2021,1,Buenos Aires,69.11,629679,2452056,821597,98806,57864,51,36939,31187,1108368,24052,163747,222061,2246313,10867
145,2021,1,Capital Federal,49.06575,159805,1145093,39980,5559,29236,68,1350,2440,159662,76753,56457,83255,1003041,1260
146,2021,1,Catamarca,48.9,26316,4409,18688,3220,2233,40,710,0,7423,8455,10115,7120,22996,2196
147,2021,1,Chaco,43.14,43214,61251,25426,8004,1875,34,3010,1120,24357,22102,27556,14496,42462,8384
148,2021,1,Chubut,68.99,45501,40960,3444,23723,18712,8,1060,1090,86986,21401,15392,2844,1112,439
149,2021,1,Córdoba,78.59,260350,444695,134634,54137,17065,36,930,2386,211799,135092,74659,71984,402191,12677
150,2021,1,Corrientes,42.66,49160,62876,3337,5949,5303,26,670,5270,31544,26223,26169,9001,27641,5453
151,2021,1,Entre Ríos,60.44,83688,118424,16846,20836,12169,24,1050,2911,67255,5606,42432,15774,54600,12826
152,2021,1,Formosa,32.73,20663,11412,2562,15669,3800,21,560,0,22409,7569,7916,1215,9579,1942
153,2021,1,Jujuy,55.63,32254,54324,17322,2677,3879,27,490,1750,23735,17293,40649,5680,25609,2378
154,2021,1,La Pampa,81.78,8946,58711,15779,12369,13,11,2980,5540,68200,7864,7611,2786,7368,2424
155,2021,1,La Rioja,49.81,17363,34984,1,2500,300,13,180,10,36749,5968,4604,2150,5074,0
156,2021,1,Mendoza,39.15,91844,69295,38619,18332,8330,13,280,400,134386,11216,52533,4061,16615,440
157,2021,1,Misiones,43.17,48292,82339,7064,4796,6896,25,510,5240,40949,25503,27101,1405,32953,8256
158,2021,1,Neuquén,66.84,30223,70457,14171,17752,6320,34,1160,3270,56171,8443,5903,5677,50840,5758
159,2021,1,Río Negro,60.88,48777,42192,17828,13994,18377,22,1250,4660,70011,4187,13045,3642,29589,20103
160,2021,1,Salta,53.93,54768,89187,31498,5669,6452,27,1090,200,40785,68149,9164,8139,54889,6319
161,2021,1,San Juan,39.06,40072,11589,6671,11482,8453,7,250,1940,60439,8580,11494,3400,276,4641
162,2021,1,San Luis,81.24,8417,10678,28,63826,36205,22,580,0,11889,2926,4429,62913,22,36917
163,2021,1,Santa Cruz,41.65,12347,23089,5975,4264,3900,8,500,0,30655,8334,6987,1337,647,0
164,2021,1,Santa Fe,73.92,277012,421480,70976,3914,17519,28,5180,8910,201632,204458,91846,65476,236924,24382
165,2021,1,Santiago Del Estero,45.67,26468,75849,570,5158,3596,12,1230,9090,33884,58464,8549,7000,4868,4144
166,2021,1,Tierra Del Fuego,77.35,12853,27247,6,0,3160,9,170,0,21379,1468,4317,4860,919,11836
167,2021,1,Tucumán,54.82,147199,12185,69954,1834,7400,38,290,970,42810,53416,25255,4188,103437,268
168,2020,4,Buenos Aires,68.98,635651,2441248,804991,93444,57927,50,36939,31197,1109865,242243,214171,213588,2176242,9016
169,2020,4,Capital Federal,49.06575,163060,1142528,39890,4815,29237,67,1350,2440,160210,78123,60208,80269,1000073,2680
170,2020,4,Catamarca,49.41,26870,5115,17856,3220,2233,38,710,0,8843,874,11436,5910,20406,2309
171,2020,4,Chaco,43.03,44332,61200,23687,7997,1875,32,3010,1120,24782,22479,26802,15701,40949,7965
172,2020,4,Chubut,68.35,45703,39756,3040,23363,18712,7,1060,1090,88157,21824,12046,2818,1112,4402
173,2020,4,Córdoba,78.08,267396,439322,125620,52827,17536,35,1190,2386,214963,135262,82221,70013,384169,13568
174,2020,4,Corrientes,42.43,50102,61495,3146,5626,529,25,670,5270,31900,26321,25687,9383,26789,4985
175,2020,4,Entre Ríos,59.47,85683,113670,15653,20206,12169,24,1050,2911,65659,53556,40755,166,53141,14654
176,2020,4,Formosa,32.49,21264,10789,2432,15341,3800,20,560,0,23540,7606,7181,1197,8946,168
177,2020,4,Jujuy,53.46,32850,52815,15639,1077,347,25,490,1820,23772,14379,4493,4460,19282,2811
178,2020,4,La Pampa,81.77,9009,58945,15432,12194,1315,10,2980,5540,70184,8124,6562,2396,6257,252
179,2020,4,La Rioja,50.11,17513,34984,1,2500,300,13,180,10,36906,606,4633,1810,4979,0
180,2020,4,Mendoza,38.63,91842,68364,36083,18331,8330,11,280,400,146312,11172,40396,3378,11557,257
181,2020,4,Misiones,42.64,49462,79855,6589,4359,6896,25,510,5240,39988,26078,26445,1481,32264,7001
182,2020,4,Neuquén,67.0,30468,70614,13732,17689,6320,34,1160,3270,56434,8478,5791,5493,50776,572
183,2020,4,Río Negro,61.09,48991,42022,17826,13994,18377,22,1250,4660,70305,4153,13131,3512,29372,20146
184,2020,4,Salta,54.04,56659,87817,30604,5858,6452,25,1090,5140,41443,68829,15188,8291,46697,6319
185,2020,4,San Juan,36.32,40072,7004,6599,10468,8453,6,250,1940,61316,7400,5126,3320,275,4588
186,2020,4,San Luis,81.68,8417,11767,27,63019,36205,21,580,0,14020,349,2688,62239,22,36918
187,2020,4,Santa Cruz,37.0,12347,19657,1041,4659,297,7,470,0,27173,4382,6634,1033,647,7580
188,2020,4,Santa Fe,73.58,287271,414746,62692,38712,17392,27,5180,8910,206372,203793,94246,65145,226246,23602
189,2020,4,Santiago Del Estero,43.75,26812,70522,570,5169,3596,11,1230,9090,34518,5759,4666,4110,4520,3932
190,2020,4,Tierra Del Fuego,76.27,12853,26439,6,0,3160,8,170,0,21881,6119,3497,4880,922,669
191,2020,4,Tucumán,54.78,149322,11150,68043,1834,7400,36,290,970,44095,54334,32155,4105,93594,268
192,2020,3,Buenos Aires,67.66,653930,2384557,749087,94162,55541,48,37542,31514,1113823,23471,219772,194248,2085815,19853
193,2020,3,Capital Federal,49.06575,170375,1129573,39417,3936,29374,64,2640,3120,162222,85083,68753,78028,977766,2470
194,2020,3,Catamarca,47.16,26868,3690,16857,2610,2228,37,630,0,8276,8768,11195,5620,18886,2154
195,2020,3,Chaco,41.54,45745,58825,20675,6706,2003,31,3080,1120,24675,21639,27546,13751,38729,7194
196,2020,3,Chubut,68.34,45761,39386,2897,23216,18767,7,1580,1090,87559,22114,12217,2818,1110,3942
197,2020,3,Córdoba,75.22,276360,430771,102217,48368,9756,34,1680,3064,218599,124833,84236,63823,361021,11728
198,2020,3,Corrientes,41.75,50858,58681,2960,5513,5379,24,720,5270,35190,23315,25308,8615,25344,502
199,2020,3,Entre Ríos,58.19,87892,106950,13954,20379,1232,22,1300,2911,66648,51478,40797,14377,49395,15759
200,2020,3,Formosa,31.91,21790,10003,2000,15023,3930,18,3910,1510,23163,7432,7125,9910,8219,1737
201,2020,3,Jujuy,54.04,32611,57682,11112,9520,4371,22,550,1820,32131,10566,45198,2930,15238,3065
202,2020,3,La Pampa,79.26,9015,56845,14677,11893,1305,11,2930,8100,66695,782,5577,2189,6322,4029
203,2020,3,La Rioja,50.12,17346,34984,1,2500,350,12,210,10,37105,5955,466,1240,4748,20
204,2020,3,Mendoza,37.35,91908,64672,32817,17523,8680,10,580,400,141404,12123,42433,3448,8237,450
205,2020,3,Misiones,41.6,50195,77989,2572,3445,8985,24,710,5240,39005,24215,25942,13663,30987,8779
206,2020,3,Neuquén,65.24,30222,70446,11043,16787,7370,31,2180,3270,60463,6561,5975,5449,49439,8030
207,2020,3,Río Negro,57.05,49530,40001,10381,13187,18368,21,1140,4660,68986,3769,7096,3455,28488,19093
208,2020,3,Salta,52.32,58216,84128,25445,5764,7293,25,1290,5140,32780,64736,1599,7928,43773,14996
209,2020,3,San Juan,38.79,40092,9223,5509,14023,848,6,480,1940,65526,7110,6529,410,128,415
210,2020,3,San Luis,79.96,8401,10077,6,61828,36253,21,1050,0,12199,3351,2666,61319,8,36917
211,2020,3,Santa Cruz,35.95,12845,16098,1027,6938,2373,7,660,0,26888,4015,673,6290,120,8330
212,2020,3,Santa Fe,72.12,295051,405807,45721,37112,19307,26,5680,1241,213353,199381,92095,58797,210562,27001
213,2020,3,Santiago Del Estero,43.38,26419,70720,555,4185,3613,11,1330,9090,33287,57418,4658,2920,3994,4801
214,2020,3,Tierra Del Fuego,76.81,12854,26491,0,0,3100,9,110,0,22094,5414,3726,4810,937,6992
215,2020,3,Tucumán,53.23,149605,11752,59949,1808,7620,35,520,970,45913,5461,33126,3246,84195,2637
216,2020,2,Buenos Aires,65.22,661272,2244277,723072,91736,57189,46,37542,31606,1129236,241336,233132,188995,1894466,21233
217,2020,2,Capital Federal,49.06575,178896,1106133,39482,3937,29373,60,2640,3120,166474,94585,79858,8016,935481,6870
218,2020,2,Catamarca,45.43,26968,3641,14878,2610,2228,35,630,0,8801,869,10242,4260,16578,3176
219,2020,2,Chaco,39.83,46816,56017,17266,6452,1581,28,3080,9280,24350,2114,29044,12082,33311,6969
220,2020,2,Chubut,57.34,45761,38279,1324,17678,5614,8,1580,1090,69578,22188,10537,1473,614,3999
221,2020,2,Córdoba,72.71,282858,415007,85818,44522,8263,31,1680,4383,219025,125932,8953,63216,325243,8971
222,2020,2,Corrientes,40.3,51248,55536,3144,3927,5011,22,720,5270,34242,22845,25844,7898,22418,502
223,2020,2,Entre Ríos,56.54,89391,99423,13954,20042,11303,20,1300,3679,66758,5064,4209,12856,43391,14569
224,2020,2,Formosa,31.14,21805,9353,1882,14723,1690,17,3910,1510,23534,7109,6998,9610,7475,1313
225,2020,2,Jujuy,47.89,32705,38938,5057,9520,16664,16,550,1820,30548,10519,26829,2090,9417,16557
226,2020,2,La Pampa,76.1,8551,54422,14232,11314,129,8,2930,8100,71218,7531,38,1657,3377,1123
227,2020,2,La Rioja,49.84,16885,34984,1,2500,350,12,210,10,37375,5661,4686,730,4336,20
228,2020,2,Mendoza,36.25,91904,62941,29613,15924,8020,9,580,400,142253,12439,35274,3248,5422,245
229,2020,2,Misiones,40.89,50792,74497,2579,3319,9153,23,710,5240,39867,23719,26445,12305,28763,8646
230,2020,2,Neuquén,63.9,30256,67990,11037,15755,1134,29,2180,3270,61171,6103,6625,5296,46432,0
231,2020,2,Río Negro,56.37,49756,39650,10382,11331,18367,20,1140,4660,70817,3335,7498,3246,26953,17057
232,2020,2,Salta,51.58,59502,81740,24289,5123,7108,23,1290,5140,41801,64463,16989,7741,39594,6531
233,2020,2,San Juan,35.09,40092,8275,5509,7019,8882,6,480,1940,59113,9170,4908,400,127,443
234,2020,2,San Luis,78.41,8401,8357,6,60935,36253,21,1050,0,11439,3585,1934,60889,8,35992
235,2020,2,Santa Cruz,35.79,12845,16044,1027,6585,2368,7,660,0,26938,4166,6541,5460,119,4930
236,2020,2,Santa Fe,70.0,299974,381679,46698,30487,19094,24,5680,2061,213054,198772,96575,57236,189473,20193
237,2020,2,Santiago Del Estero,43.47,25917,72074,355,3038,4063,10,1330,1779,32557,57709,5178,2470,3328,4516
238,2020,2,Tierra Del Fuego,76.37,12854,26025,0,0,3100,8,110,0,22325,5186,3034,3910,796,7446
239,2020,2,Tucumán,51.78,150084,9833,55120,1357,7620,33,520,970,49028,54537,34184,2246,74377,2635
240,2020,1,Buenos Aires,64.33,673237,2210349,720688,85443,18334,45,38215,36802,1122034,236421,247977,20578,1802583,28935
241,2020,1,Capital Federal,49.06575,184494,1097635,38898,3911,28556,59,2640,3120,169651,102254,89665,85899,906009,0
242,2020,1,Catamarca,37.62,21945,3146,12056,2610,2227,29,630,0,8838,7543,9558,4080,10299,2151
243,2020,1,Chaco,37.48,46356,54144,11958,6239,158,26,3080,9280,23291,19976,29851,10416,28539,6917
244,2020,1,Chubut,51.27,45763,27287,1324,16885,5479,7,1580,1090,69586,12957,7756,124,614,45
245,2020,1,Córdoba,70.69,286168,406109,68512,41617,8693,29,1420,5128,217229,120188,95827,65733,296875,9802
246,2020,1,Corrientes,38.73,51126,53231,2172,2437,5004,21,720,5270,33479,21382,26679,7351,19467,478
247,2020,1,Entre Ríos,56.12,90368,95434,13245,18737,14062,19,1300,4081,72280,47132,41125,11988,39794,13762
248,2020,1,Formosa,30.23,21068,8887,1800,1451,1690,16,1127,3420,23761,65,6564,9640,6918,1000
249,2020,1,Jujuy,46.67,32066,38938,3078,9420,16641,14,550,1820,33120,9979,26693,1660,7349,16545
250,2020,1,La Pampa,75.77,8553,53755,13821,11295,1802,7,2930,8110,72740,7199,3029,1342,2113,1618
251,2020,1,La Rioja,46.35,13076,34984,0,2510,290,8,210,10,37209,5158,464,220,1294,0
252,2020,1,Mendoza,33.14,91955,50251,28059,12465,7220,8,580,400,140410,12285,17489,286,3818,0
253,2020,1,Misiones,39.02,51458,69452,1220,4600,10962,22,710,5240,36622,21271,26433,11581,26313,10885
254,2020,1,Neuquén,61.85,29305,65951,11031,14711,7290,28,2180,3270,60152,5257,7123,5399,43738,0
255,2020,1,Río Negro,55.12,47756,38479,10381,11222,18362,19,1140,4660,69154,293,7857,3199,25488,17719
256,2020,1,Salta,49.6,60426,75593,23025,4125,7212,21,1290,5140,38537,63714,17991,8625,34744,6441
257,2020,1,San Juan,32.39,40092,6448,5508,7082,5101,6,480,1940,59787,1594,1292,400,127,4779
258,2020,1,San Luis,76.31,8301,7612,5,58301,36333,21,1050,0,11322,4164,5250,58258,5,36075
259,2020,1,Santa Cruz,35.97,12845,15766,1026,6817,2368,6,670,110,27447,4993,5169,5290,119,0
260,2020,1,Santa Fe,69.52,302366,383673,35123,30488,19468,22,6960,2994,217553,196826,10456,48448,173823,17656
261,2020,1,Santiago Del Estero,42.47,24695,70424,200,2779,4657,10,1330,1779,33086,56884,3737,1350,2799,4501
262,2020,1,Tierra Del Fuego,76.07,12854,25632,0,0,3080,7,110,10,22976,5024,1834,1960,518,7046
263,2020,1,Tucumán,47.85,143184,10494,44687,1355,3470,32,520,970,49555,50383,31096,173,67536,0
264,2019,4,Buenos Aires,64.25,720011,2191672,669194,87111,18266,31,33489,27537,1177446,262297,247106,45257,1465133,20676
265,2019,4,Capital Federal,49.06575,196938,1093143,35534,3914,28576,44,3070,150,177098,110218,110852,20581,753805,0
266,2019,4,Catamarca,36.44,22999,3318,9506,2610,2227,25,630,0,9945,7619,9305,8040,7477,3098
267,2019,4,Chaco,36.84,48661,53602,8831,5229,158,23,830,0,25899,18959,30902,13516,21556,6988
268,2019,4,Chubut,51.15,47045,26977,1324,15267,5489,7,1580,40,69405,12945,7615,124,614,4121
269,2019,4,Córdoba,70.48,296872,410038,53335,3775,8693,26,1420,0,232781,118232,10933,114111,221742,1035
270,2019,4,Corrientes,38.77,52525,51845,2002,2458,5004,19,720,0,35055,2062,27367,9981,15744,4995
271,2019,4,Entre Ríos,57.99,92981,99206,12875,18561,15407,17,470,0,88203,44511,42962,18976,30153,14178
272,2019,4,Formosa,30.47,21567,8684,1760,14531,1690,15,1127,1910,24606,6319,6788,1766,5671,2430
273,2019,4,Jujuy,45.38,32949,37604,873,8140,16641,13,550,0,32920,9632,26764,1020,5286,14122
274,2019,4,La Pampa,76.92,15457,56854,4942,11341,1805,7,2930,3130,76747,69,1951,1287,1342,1566
275,2019,4,La Rioja,47.14,13738,34984,0,2510,290,8,210,0,37846,5045,4763,220,1305,0
276,2019,4,Mendoza,33.65,96678,49711,24989,13672,7300,8,7460,90,145139,12955,15237,2165,2628,6901
277,2019,4,Misiones,39.79,53116,69676,847,4410,11733,20,710,0,39664,2084,27305,15626,20799,11508
278,2019,4,Neuquén,59.36,29826,60970,10549,14246,8540,26,2180,10,57370,4439,7357,12059,35001,0
279,2019,4,Río Negro,55.71,49747,37933,9658,11437,18365,17,1140,0,71847,2797,8558,6968,19837,17019
280,2019,4,Salta,50.35,63272,76062,21865,304,8206,19,1490,10,42159,67656,15369,1417,25821,712
281,2019,4,San Juan,32.85,41360,6338,4931,7241,5104,6,480,10,60626,1594,1292,400,127,1246
282,2019,4,San Luis,74.92,8569,8027,6,55266,36333,21,1050,0,11901,4164,5250,55216,3,36287
283,2019,4,Santa Cruz,36.71,13264,15899,1036,68,2371,5,670,0,32368,4346,2224,70,8,3500
284,2019,4,Santa Fe,69.48,312072,382254,27464,26978,20401,21,6980,0,230234,190664,113527,70998,135576,27472
285,2019,4,Santiago Del Estero,42.92,24682,71239,200,281,4657,10,1330,9080,34911,56309,3756,1050,2449,5017
286,2019,4,Tierra Del Fuego,79.7,13261,26821,0,0,3100,7,110,0,23593,505,1848,1390,1962,7789
287,2019,4,Tucumán,47.65,146985,11012,39574,7250,3480,30,550,0,54544,52017,28916,6405,56707,0
288,2019,3,Buenos Aires,69.36,1277249,2144956,425386,85572,2707,26,23892,44648,1432722,222812,260506,483572,1246209,42294
289,2019,3,Capital Federal,49.06575,300288,1080973,24900,3895,31155,39,1040,3680,269704,120924,138011,258591,655108,0
290,2019,3,Catamarca,30.88,24349,5543,13,2440,2251,9,340,430,14449,9285,6333,720,15,2151
291,2019,3,Chaco,35.85,50416,49156,8063,5224,1592,20,690,1216,32764,28198,13336,12987,16740,6917
292,2019,3,Chubut,47.57,37298,27090,1917,15149,7551,7,740,8400,62680,13033,7171,124,614,45
293,2019,3,Córdoba,68.59,307780,399231,30064,37277,8701,23,830,5824,240151,106651,118486,146247,157546,7353
294,2019,3,Corrientes,38.49,53344,50230,1888,2458,4839,17,100,5970,42231,29628,10348,10388,12674,478
295,2019,3,Entre Ríos,57.9,94947,96305,12888,1853,15432,15,190,4446,99656,56161,17064,21216,22645,15107
296,2019,3,Formosa,30.11,21777,8359,1476,14292,1620,13,111,3490,24943,6049,7117,2262,4443,1000
297,2019,3,Jujuy,44.32,33110,35742,274,8120,16638,12,270,8850,31722,924,26835,560,3671,16545
298,2019,3,La Pampa,77.45,19469,52941,4994,11462,1962,6,2370,3289,75849,5922,1611,1359,941,1618
299,2019,3,La Rioja,47.94,14390,34984,11,2510,410,8,90,100,38657,4786,4887,220,1307,0
300,2019,3,Mendoza,40.74,148640,54312,6865,12975,1545,6,210,1269,206821,2958,10093,1263,349,0
301,2019,3,Misiones,39.33,54493,65872,829,4190,1227,18,470,1928,43530,29375,11256,16107,16650,12206
302,2019,3,Neuquén,64.14,43347,60484,5560,13512,2518,24,450,2258,62909,4586,9597,16923,28458,1220
303,2019,3,Río Negro,63.42,67478,37425,9739,10806,18847,16,470,1234,87435,2348,9779,10176,15505,17719
304,2019,3,Salta,44.48,65799,74329,733,158,9394,15,490,9000,43160,6223,14309,11418,12357,7515
305,2019,3,San Juan,37.06,51670,7425,1227,7241,5535,6,220,1710,68315,2245,1267,410,128,4779
306,2019,3,San Luis,85.23,13037,10561,350,62286,36466,20,570,1000,18643,5113,4670,62242,5,36075
307,2019,3,Santa Cruz,35.63,10663,17056,969,6544,2738,5,280,840,31612,4472,1203,270,4,0
308,2019,3,Santa Fe,68.87,319396,377171,18690,24269,21408,18,6400,8184,242454,193286,107068,84325,97082,19537
309,2019,3,Santiago Del Estero,55.3,24556,71198,219,2759,344,9,390,1832,35554,55172,3612,860,1836,34501
310,2019,3,Tierra Del Fuego,96.46,19790,26659,651,0,1487,7,60,140,32133,4692,1756,820,226,9648
311,2019,3,Tucumán,39.49,150918,12089,116,6840,3240,19,160,1100,71043,47693,24354,8430,20385,0
312,2019,2,Buenos Aires,67.85,1284658,2079900,382971,7524,32929,22,199768,46852,1436259,217785,438663,502275,985767,43438
313,2019,2,Capital Federal,49.06575,309937,1061358,36082,3962,4281,30,740,1027,281370,124087,239691,296155,475991,0
314,2019,2,Catamarca,32.13,25682,5543,13,1460,2251,9,340,430,16631,867,6049,340,10,2151
315,2019,2,Chaco,34.14,50765,47448,4203,4727,1591,16,690,1383,38488,26431,16789,15348,9904,1492
316,2019,2,Chubut,46.99,37313,26338,1917,14443,7545,6,660,3952,69032,10049,1495,740,165,45
317,2019,2,Córdoba,68.07,314768,388254,23023,33847,15236,18,810,8165,248427,100512,157458,170159,76053,8938
318,2019,2,Corrientes,38.16,53835,47431,1701,2444,6138,14,100,3012,40424,27774,13114,11928,7119,608
319,2019,2,Entre Ríos,57.48,97081,91081,12764,17369,17529,12,180,5905,100687,52316,23196,24221,10664,17206
320,2019,2,Formosa,30.42,21916,8686,1382,14292,1620,11,111,3490,26512,5399,8384,2639,2258,1000
321,2019,2,Jujuy,44.51,33022,30742,274,8120,21857,12,270,9400,26233,8441,267,270,2600,21765
322,2019,2,La Pampa,77.08,19471,52101,4840,10789,3004,5,2360,3289,75406,5191,1366,1445,629,2661
323,2019,2,La Rioja,48.7,15014,34984,11,2510,410,8,90,110,39819,4297,4857,130,1298,0
324,2019,2,Mendoza,40.75,148673,54027,6865,12748,1544,6,200,2522,205165,2971,10092,1256,234,0
325,2019,2,Misiones,39.15,55373,64272,543,4210,12269,14,470,2226,45769,27385,15408,18882,8129,12206
326,2019,2,Neuquén,63.08,43420,59021,4983,12792,2737,17,3020,3038,61776,4688,17318,2121,14132,4220
327,2019,2,Río Negro,61.09,67841,36527,4037,10485,19657,12,3840,1354,86366,2201,10291,12407,6907,18519
328,2019,2,Salta,41.89,68827,62343,725,121,9463,13,490,9740,59638,36923,16961,14059,6461,7585
329,2019,2,San Juan,35.6,51680,7425,1174,287,6876,6,220,2130,60913,2177,7850,70,4,6119
330,2019,2,San Luis,81.79,11130,10298,347,57242,38368,20,570,1020,16575,4964,4670,57236,5,37977
331,2019,2,Santa Cruz,28.85,10665,10257,379,6514,2735,6,250,840,24861,3806,1202,280,4,0
332,2019,2,Santa Fe,67.42,325420,355140,18236,2198,22708,15,3210,8427,300124,125176,129741,100131,49865,22323
333,2019,2,Santiago Del Estero,52.79,24393,64783,219,2759,346,7,390,1832,63268,21362,3741,1080,1205,34501
334,2019,2,Tierra Del Fuego,94.8,19790,25527,651,0,1486,6,60,1230,41824,4241,1573,960,32,0
335,2019,2,Tucumán,40.14,153121,12089,116,6840,3210,19,160,1570,78891,44296,24291,6280,18394,0
336,2019,1,Buenos Aires,66.24,1304507,2020730,336362,64867,20201,20,162513,72296,1429964,202511,576428,576859,705769,6369
337,2019,1,Capital Federal,49.06575,328246,1030814,32281,3978,4281,25,740,7417,283787,131007,330122,365713,283463,0
338,2019,1,Catamarca,32.19,26912,4443,16,0,2251,8,340,1708,18761,6443,5606,290,7,2151
339,2019,1,Chaco,32.64,53409,43555,1951,3628,1134,13,690,3801,38719,25632,18965,12393,6368,1035
340,2019,1,Chubut,43.0,37302,23065,1923,14443,3045,6,660,3938,71077,6571,7870,740,165,0
341,2019,1,Córdoba,65.52,323272,363959,19902,24615,12367,16,810,20403,242769,96997,200681,127965,50716,6806
342,2019,1,Corrientes,35.13,55842,43444,1615,1528,580,12,100,647,38402,26562,15498,9688,5029,0
343,2019,1,Entre Ríos,56.79,100999,90253,12723,16231,12241,11,180,9217,107013,50068,28957,18146,7619,12142
344,2019,1,Formosa,29.68,22570,7878,940,13761,620,10,111,3023,23085,5301,9027,2099,1654,0
345,2019,1,Jujuy,46.41,33248,12484,153,6400,43622,9,270,2817,30727,7811,4021,300,1141,37162
346,2019,1,La Pampa,76.35,18832,57373,2891,9023,1041,5,2360,8327,70538,4466,1061,1354,405,6980
347,2019,1,La Rioja,50.18,16367,34984,12,2520,410,7,90,1169,40285,4088,5216,170,869,0
348,2019,1,Mendoza,37.66,148524,40205,5662,10363,1544,6,200,1786,205383,2837,5702,1110,140,0
349,2019,1,Misiones,36.26,54898,59214,465,4260,7717,13,470,5946,45266,2589,19111,16552,5167,7654
350,2019,1,Neuquén,58.88,40747,55634,3114,1251,2372,16,1328,3055,52360,1781,21452,17135,11026,6105
351,2019,1,Río Negro,53.57,68377,34124,3994,9736,4857,10,3840,1583,84845,2037,13615,9567,5076,3719
352,2019,1,Salta,40.1,74426,57933,647,1135,1879,10,490,4232,59244,36473,2291,10861,2242,10
353,2019,1,San Juan,31.83,51660,5838,808,2932,1207,6,220,2290,62380,2660,5200,30,2,5600
354,2019,1,San Luis,67.34,11108,7784,378,53097,23968,9,570,1200,21380,53214,3450,60,2,23577
355,2019,1,Santa Cruz,23.67,10659,4615,382,6514,2735,6,250,1280,21990,2731,7020,260,4,0
356,2019,1,Santa Fe,66.97,340038,340344,15621,23215,1786,13,3330,2935,296798,122959,153212,74575,36502,18591
357,2019,1,Santiago Del Estero,37.52,25337,61547,23,2847,990,6,390,3372,62895,20691,3959,850,494,0
358,2019,1,Tierra Del Fuego,93.38,19789,23549,1623,0,1486,6,60,1310,38851,3623,6410,800,29,0
359,2019,1,Tucumán,41.63,159215,11670,118,6780,3210,17,160,5188,82240,42877,2621,8470,14839,0
360,2018,4,Buenos Aires,64.6,1305576,1949637,296102,65477,19814,17,134673,73761,1422463,194426,577679,949093,265386,19125
361,2018,4,Capital Federal,49.06575,328253,1019490,33042,3978,4257,23,740,7388,283281,143309,330496,437662,186810,0
362,2018,4,Catamarca,32.23,26912,4443,16,0,2212,8,340,1669,17955,6425,5461,290,7,2003
363,2018,4,Chaco,32.59,53409,43555,1940,3236,113,13,690,3405,36437,25633,18965,12393,6368,0
364,2018,4,Chubut,42.61,37215,23065,952,14443,3047,6,660,3917,66061,6215,5310,6230,165,1144
365,2018,4,Córdoba,65.09,328854,355716,17675,21851,13243,16,810,24102,228475,97277,201639,128053,48809,8903
366,2018,4,Corrientes,34.57,55842,42418,796,1515,300,12,100,6438,37376,26562,15498,9688,5029,0
367,2018,4,Entre Ríos,54.37,101168,86198,4853,15472,14356,11,180,8769,94780,50027,29002,18146,7612,13693
368,2018,4,Formosa,29.74,22619,7880,887,13761,570,10,111,3074,22962,5285,9027,2092,1654,0
369,2018,4,Jujuy,46.53,33248,12484,153,6400,43608,9,270,2803,30727,7811,4021,300,1141,43573
370,2018,4,La Pampa,73.49,18832,55337,2685,7772,101,4,2410,7727,70508,3661,9780,1328,270,9230
371,2018,4,La Rioja,50.35,16367,34984,12,2520,360,7,90,1164,40285,4088,5216,170,869,30
372,2018,4,Mendoza,37.76,148524,40205,5665,10363,1547,6,200,1463,197450,2494,4726,190,132,0
373,2018,4,Misiones,34.45,55500,53673,465,4260,6209,12,470,5981,43267,26019,19226,16566,5167,0
374,2018,4,Neuquén,59.07,40747,55634,3115,12425,2444,16,1328,3044,52313,1781,21452,17135,11025,6287
375,2018,4,Río Negro,51.86,68377,34292,1299,8037,4832,10,3840,1225,83412,6430,1344,9569,5070,3094
376,2018,4,Salta,39.8,74295,57539,638,2530,1853,10,490,3659,58492,36365,2291,10861,2242,0
377,2018,4,San Juan,31.9,51660,5838,806,2883,1211,6,220,1465,59811,1800,3120,10,1,6060
378,2018,4,San Luis,67.55,11108,7784,378,53097,23964,9,570,1090,19164,53183,1190,620,2,23635
379,2018,4,Santa Cruz,23.69,10659,4615,382,6378,2734,5,250,1150,23107,7790,2060,10,4,5310
380,2018,4,Santa Fe,65.59,335519,322782,14387,18705,28997,13,3350,31397,276301,121009,152039,74432,36427,2845
381,2018,4,Santiago Del Estero,37.4,25339,61243,23,2649,810,6,390,325,61347,20127,3686,770,483,3260
382,2018,4,Tierra Del Fuego,93.59,19789,23349,1623,0,1499,7,60,270,29919,6323,9894,240,67,0
383,2018,4,Tucumán,41.76,159215,11670,119,6860,3140,17,160,5244,82089,42766,26111,8470,14839,920
384,2018,3,Buenos Aires,64.44,1435856,1929273,156382,62318,26448,17,9910,80459,1445733,190805,63609,897964,237248,120464
385,2018,3,Capital Federal,49.06575,334353,1009252,35694,3872,9319,22,730,8493,287919,147253,370677,41502,165055,0
386,2018,3,Catamarca,32.92,27553,4443,15,10,2214,8,340,1994,18475,6358,532,340,7,2151
387,2018,3,Chaco,32.28,53927,42359,1990,2628,1129,13,700,3503,38729,24916,20335,11085,5667,1035
388,2018,3,Chubut,56.39,58887,23065,1239,13817,6728,6,670,3951,91096,6162,5310,6230,164,0
389,2018,3,Córdoba,64.24,337620,342401,15785,19213,10839,15,810,24767,224471,96372,221984,109333,39854,649
390,2018,3,Corrientes,34.25,56444,41300,212,1468,320,11,110,6754,38364,24953,16601,8357,4419,0
391,2018,3,Entre Ríos,50.22,103318,83714,2403,15093,800,11,180,9048,96095,45651,31353,15111,6786,0
392,2018,3,Formosa,29.58,22777,7589,817,13625,570,9,111,3365,22624,5259,9336,1729,1434,0
393,2018,3,Jujuy,23.26,33363,10856,32,6410,430,8,3450,302,29048,7756,4066,390,623,0
394,2018,3,La Pampa,71.75,12415,54574,8437,7011,9870,4,2420,8417,68507,3153,9200,1189,216,6980
395,2018,3,La Rioja,50.73,16587,34984,13,2530,350,6,90,1291,40647,4138,5425,200,339,0
396,2018,3,Mendoza,37.99,151033,40205,5744,8195,1852,6,200,1525,199297,2476,4727,270,129,0
397,2018,3,Misiones,32.1,56290,50793,512,3910,560,12,480,5749,39617,24747,21212,14674,4547,0
398,2018,3,Neuquén,60.49,46602,54129,998,12277,2712,15,1396,2244,55822,1647,23785,15218,9718,6105
399,2018,3,Río Negro,50.54,68590,33474,1252,5051,5125,10,4090,5221,75929,5120,14912,847,4332,3719
400,2018,3,Salta,39.43,76600,53980,678,2340,1391,9,1160,3721,61795,32782,25582,9224,502,0
401,2018,3,San Juan,33.05,54025,5838,826,2744,1048,6,220,1326,62525,1800,3120,30,1,0
402,2018,3,San Luis,52.35,11096,7784,368,52859,2314,9,570,1090,19170,5294,1190,630,2,1902
403,2018,3,Santa Cruz,32.73,18606,4574,585,6238,3996,5,260,1160,32815,7780,2060,10,3,0
404,2018,3,Santa Fe,63.41,339126,312866,11749,16337,15022,12,4670,36786,269211,115907,162545,62479,31266,13911
405,2018,3,Santiago Del Estero,36.25,25805,58789,23,1662,810,6,410,255,60260,19116,3806,640,265,0
406,2018,3,Tierra Del Fuego,92.77,19365,22649,1502,10,2047,6,60,1870,41569,227,2310,240,13,0
407,2018,3,Tucumán,41.68,161209,9280,110,2520,3150,15,160,5993,81559,43282,27062,9410,12187,0
408,2018,2,Buenos Aires,62.78,1450203,1807868,143626,71256,27746,15,1009,81354,1459443,295457,816056,536049,199589,113357
409,2018,2,Capital Federal,49.06575,342431,977916,35610,3908,9321,19,730,9234,290291,219166,445345,264805,142253,0
410,2018,2,Catamarca,32.86,27444,4415,15,10,2214,8,340,2414,14624,6112,4347,360,6,65
411,2018,2,Chaco,31.25,54134,40750,562,1946,1129,12,700,2968,34167,24282,21887,9251,4630,1035
412,2018,2,Chubut,54.9,58935,19591,1239,1407,6729,5,670,4471,85598,5369,40,50,9,501
413,2018,2,Córdoba,63.27,345141,327636,13832,16355,10109,14,810,21779,219630,102596,244291,78852,34950,811
414,2018,2,Corrientes,33.81,56541,39715,201,1468,320,11,110,7047,38268,24066,17926,678,3862,0
415,2018,2,Entre Ríos,49.2,104811,80376,2405,12313,800,10,180,8179,94459,4457,34281,12012,5920,0
416,2018,2,Formosa,29.43,23543,7311,18,13625,570,9,111,3568,22409,5176,9727,1313,1243,0
417,2018,2,Jujuy,23.43,33571,10856,23,6400,430,6,3450,332,29319,8083,3977,440,7,0
418,2018,2,La Pampa,71.04,12416,53587,8420,7011,9870,4,2440,8797,68083,2409,9650,9690,179,6980
419,2018,2,La Rioja,50.98,16663,34984,13,2530,350,6,90,1384,40679,4198,564,200,15,0
420,2018,2,Mendoza,36.97,152938,36872,3084,6206,1852,6,200,1658,164596,5150,2660,170,72,33788
421,2018,2,Misiones,31.63,57265,47923,512,3910,560,12,480,6092,39489,23569,23747,11888,3866,0
422,2018,2,Neuquén,60.24,46633,52855,998,12649,2713,13,1396,2408,56035,1314,26417,12442,8551,6105
423,2018,2,Río Negro,50.15,68667,32795,1252,4396,5125,10,4090,5298,75056,5230,1648,6663,3725,3975
424,2018,2,Salta,39.94,78386,53478,678,2340,1391,9,1160,399,61763,33285,28431,7239,182,0
425,2018,2,San Juan,32.95,54080,5068,826,3079,1048,6,220,1378,57591,110,0,30,0,5068
426,2018,2,San Luis,15.15,11104,7666,368,160,2314,6,570,1010,11992,110,0,70,2,9284
427,2018,2,Santa Cruz,33.33,18615,4474,585,6734,3997,5,260,1200,28600,6550,1000,10,3,4267
428,2018,2,Santa Fe,62.57,337934,304349,11354,15801,15114,12,7440,34267,262603,112143,17554,50525,26512,22257
429,2018,2,Santiago Del Estero,35.26,26074,55935,23,1662,810,6,410,2717,41362,18721,3278,310,31,17589
430,2018,2,Tierra Del Fuego,91.61,19372,22756,531,10,2047,6,60,1880,40912,2217,750,0,0,1070
431,2018,2,Tucumán,41.51,160315,8965,110,2520,3150,14,160,6735,79899,44968,27059,1084,8784,1305
432,2018,1,Buenos Aires,62.63,1452061,1793884,133928,64379,31194,14,1514,74766,1445752,292732,886678,480237,184203,105818
433,2018,1,Capital Federal,49.06575,349995,968483,35535,3164,9393,18,890,10039,292566,222737,487826,227953,127384,0
434,2018,1,Catamarca,32.79,27300,4415,15,10,2214,8,340,2896,14770,6145,3539,410,4,65
435,2018,1,Chaco,30.83,54879,40157,383,3880,113,12,700,3261,32516,24488,23296,8219,3897,1035
436,2018,1,Chubut,53.72,56375,19591,1194,1407,6729,5,670,4314,83161,5358,40,50,9,501
437,2018,1,Córdoba,63.52,349342,326894,13178,13237,11275,13,2810,23922,222815,1043,266259,57137,29228,10049
438,2018,1,Corrientes,32.66,56937,35225,888,1334,330,11,110,5005,37152,24038,19068,589,3256,0
439,2018,1,Entre Ríos,48.68,106998,75751,3789,10776,800,10,180,8861,90080,45599,37401,9818,5071,0
440,2018,1,Formosa,21.4,23556,7095,17,1603,570,11,111,3803,10092,5117,10061,1091,1046,0
441,2018,1,Jujuy,23.12,33856,10456,23,280,430,7,3450,4807,27219,8044,3925,490,4,0
442,2018,1,La Pampa,71.75,10807,51389,8386,10556,1926,4,2450,8119,67104,1616,1076,6140,98,3503
443,2018,1,La Rioja,51.44,16960,34984,13,2530,350,6,90,1485,40680,4217,5831,190,1,0
444,2018,1,Mendoza,37.07,152931,36872,3086,6206,1852,6,200,1662,164599,5010,2660,190,72,33788
445,2018,1,Misiones,30.96,56311,46880,328,50,560,12,480,47,35820,23291,26223,10241,3219,0
446,2018,1,Neuquén,61.52,46714,55072,1000,12404,2713,12,1396,2367,59468,1311,29012,9709,7378,6105
447,2018,1,Río Negro,49.82,68769,31712,1251,4259,5128,9,4090,5333,74894,5300,17997,4972,3129,3975
448,2018,1,Salta,39.78,79936,51534,118,2040,1391,9,1160,4459,60334,33088,30771,5145,88,0
449,2018,1,San Juan,32.61,54080,5068,826,2246,1048,6,220,1058,57078,110,0,30,0,5068
450,2018,1,San Luis,15.15,11104,7594,368,160,2314,6,570,1010,11920,110,0,70,2,9284
451,2018,1,Santa Cruz,33.55,18615,4474,1799,6734,2783,5,260,1200,28600,6550,1000,10,3,4267
452,2018,1,Santa Fe,62.28,341997,300421,10674,11636,15298,11,1359,33639,262008,108576,1889,39589,22801,23181
453,2018,1,Santiago Del Estero,34.99,26788,54594,23,1432,810,6,410,291,41298,18914,3449,330,2,17589
454,2018,1,Tierra Del Fuego,65.2,19372,9663,531,10,2047,6,60,3070,33987,20,0,0,0,1070
455,2018,1,Tucumán,41.18,158611,8921,107,3680,500,9,160,7472,78811,45675,26405,1218,7082,1305
456,2017,4,Buenos Aires,57.61,1241172,1718013,131181,60082,31448,13,3865,55046,1551194,264645,712513,33514,151747,114182
457,2017,4,Capital Federal,49.06575,571363,961688,36277,3119,9877,15,3140,31411,517018,28404,45812,178396,114939,0
458,2017,4,Catamarca,28.62,27083,263,11,10,22,8,340,3182,15315,5904,2927,430,2,2151
459,2017,4,Chaco,30.81,55035,39690,389,3800,1121,12,700,3432,37144,24088,20123,729,3289,1035
460,2017,4,Chubut,51.46,56378,15097,1187,1407,6708,5,670,4313,83676,5355,70,50,9,0
461,2017,4,Córdoba,63.33,349710,324709,12778,12043,10739,12,2910,25411,280837,102892,217602,40898,24251,8429
462,2017,4,Corrientes,32.52,56786,34722,894,1334,350,10,110,522,41080,23686,16046,5053,2675,0
463,2017,4,Entre Ríos,47.89,107764,73692,1894,10267,860,9,1685,9078,95466,45189,3001,7958,4113,0
464,2017,4,Formosa,21.27,23410,6973,19,1603,510,10,111,4061,13220,4867,6996,9770,824,0
465,2017,4,Jujuy,22.74,33844,9626,20,280,340,7,3450,5364,26566,7721,3507,440,3,0
466,2017,4,La Pampa,71.05,10808,50495,8272,10569,1927,4,3100,8729,66053,1227,7920,3910,81,3503
467,2017,4,La Rioja,51.57,16912,34984,14,2530,310,6,90,1488,40777,4083,5813,220,3,0
468,2017,4,Mendoza,33.33,152896,16114,3015,6206,192,6,260,1656,177646,4380,2780,290,81,0
469,2017,4,Misiones,31.14,56271,47470,95,50,540,11,1053,39,41723,23131,22262,9091,2735,0
470,2017,4,Neuquén,61.24,46739,54119,1017,12404,2692,11,1396,2372,68036,1325,22781,7528,6300,6105
471,2017,4,Río Negro,49.38,68690,30451,1250,4259,5114,8,4090,5598,81078,4850,12502,3447,2440,3719
472,2017,4,Salta,39.8,80705,50446,127,1580,1376,8,6360,4275,73284,32842,18968,3559,84,0
473,2017,4,San Juan,30.3,54079,451,812,2246,1036,6,220,1062,57525,90,0,20,2,0
474,2017,4,San Luis,10.59,11104,1119,335,170,2329,6,590,1010,12822,80,0,10,7,1902
475,2017,4,Santa Cruz,28.91,18614,1668,582,4638,395,5,680,780,29073,6550,1000,10,3,0
476,2017,4,Santa Fe,61.71,341680,293831,10602,10965,15382,10,3109,34132,309998,108939,151329,30736,19602,14119
477,2017,4,Santiago Del Estero,29.13,27313,40407,19,1025,800,6,410,3091,43544,18773,3359,320,2,0
478,2017,4,Tierra Del Fuego,59.89,19372,6906,530,10,2045,5,60,3100,31334,20,0,0,0,0
479,2017,4,Tucumán,39.9,156583,5223,105,1020,3190,9,1050,8164,78750,45241,24318,1303,4367,0
480,2017,3,Buenos Aires,55.63,1288025,1571180,124920,35058,38777,8,6577,51411,1733479,311652,676137,140812,108400,0
481,2017,3,Capital Federal,49.06575,583249,941092,33481,2814,9723,11,2830,33924,590689,311411,4263,120675,91917,0
482,2017,3,Catamarca,32.49,26873,4411,12,10,2181,5,520,3204,15383,5758,2563,500,1,0
483,2017,3,Chaco,29.98,54888,37307,456,360,1072,8,950,3496,40059,23008,20307,3827,2004,0
484,2017,3,Chubut,46.22,56359,5645,1217,13503,682,3,4360,3989,71843,2336,30,0,0,0
485,2017,3,Córdoba,62.31,344580,319360,10579,7137,14988,9,3270,26154,309161,100113,189302,38131,16741,0
486,2017,3,Corrientes,32.17,56247,33993,947,1334,270,7,240,5629,44305,22785,15576,2635,1607,0
487,2017,3,Entre Ríos,45.96,107774,69596,1786,6245,630,7,1691,7545,98032,42947,29011,3878,2397,0
488,2017,3,Formosa,21.35,22647,6816,428,2202,120,7,1063,3716,13752,5187,6056,8990,459,0
489,2017,3,Jujuy,22.65,33796,9395,20,230,80,5,3370,5723,26835,7369,2962,410,2,0
490,2017,3,La Pampa,69.14,11378,49679,5153,11536,1944,3,3430,8244,64794,8550,5880,3270,51,0
491,2017,3,La Rioja,51.47,16638,34984,14,2520,250,5,160,1497,40882,3899,5604,230,3,0
492,2017,3,Mendoza,35.7,154036,33788,2772,290,1866,4,320,950,158461,1150,670,290,19,0
493,2017,3,Misiones,30.21,56472,43880,110,50,90,8,1058,4123,42900,22808,23913,3843,1881,0
494,2017,3,Neuquén,60.83,48001,52468,1044,11576,2695,8,2036,1457,72532,1034,20213,7067,4937,0
495,2017,3,Río Negro,48.52,69301,30018,1106,3054,4017,5,4220,5641,83900,3060,10116,2965,1659,0
496,2017,3,Salta,39.84,80782,50284,127,1580,1167,6,6450,4494,78830,32433,1462,2315,63,0
497,2017,3,San Juan,32.37,54499,5068,816,1053,1013,3,310,1077,57582,10,0,20,2,0
498,2017,3,San Luis,15.48,11407,7576,347,260,2363,4,630,30,12325,70,0,10,7,0
499,2017,3,Santa Cruz,33.29,19220,5487,1544,4552,2887,4,1880,230,29102,5420,660,330,1,0
500,2017,3,Santa Fe,60.91,322953,290655,6338,4897,37499,8,3116,34019,320017,104453,125339,24536,12982,0
501,2017,3,Santiago Del Estero,35.12,27733,54096,19,9110,350,5,690,3288,40435,18489,3047,300,2,0
502,2017,3,Tierra Del Fuego,65.74,21587,7012,622,10,2244,3,90,2970,33858,0,0,0,0,0
503,2017,3,Tucumán,39.7,154130,6431,106,400,3050,6,1090,8948,83070,45302,20514,1361,655,0
504,2017,2,Buenos Aires,56.27,1378549,1535037,119132,21555,24358,7,7548,47472,1910156,299009,573298,93059,46178,0
505,2017,2,Capital Federal,49.06575,615262,932466,38628,2819,11016,9,5560,35663,726223,30497,378571,80234,37977,0
506,2017,2,Catamarca,25.98,26401,255,14,10,340,5,150,3318,15655,5325,2342,470,1,0
507,2017,2,Chaco,29.05,54449,35613,458,520,390,8,1910,3733,42590,22349,18044,3157,545,0
508,2017,2,Chubut,35.55,43994,1067,916,13194,4804,3,4030,4186,73760,188,0,0,0,0
509,2017,2,Córdoba,58.97,341748,303488,4451,6446,1505,7,2510,26862,370865,88479,146683,20351,5069,0
510,2017,2,Corrientes,31.39,55262,33192,258,1354,310,7,150,5912,46483,21776,13043,2218,647,0
511,2017,2,Entre Ríos,45.39,108309,67650,254,6448,710,6,168,7944,104422,418,23524,2604,823,0
512,2017,2,Formosa,19.97,22493,6410,17,1023,130,6,1486,3419,14787,4795,4583,7490,139,0
513,2017,2,Jujuy,22.4,33742,8858,22,0,350,5,3110,5877,26915,6974,2538,420,1,0
514,2017,2,La Pampa,63.49,12754,48310,5194,6253,5110,3,3560,8633,59045,5580,3360,2440,21,0
515,2017,2,La Rioja,16.2,16244,0,15,20,280,6,90,1554,9304,3599,1796,240,2,0
516,2017,2,Mendoza,31.76,153331,13030,2581,270,1784,4,1090,240,177203,920,500,50,22,0
517,2017,2,Misiones,30.09,56752,42925,103,50,90,8,1011,4447,47244,22033,21599,2892,570,0
518,2017,2,Neuquén,61.91,51794,50283,1133,11545,2678,7,1542,1395,81272,8490,18051,4774,1703,0
519,2017,2,Río Negro,46.02,67038,29147,961,3213,126,5,9730,5606,88085,2450,799,1921,559,0
520,2017,2,Salta,32.74,80184,27280,115,1580,8040,6,5940,4719,67576,23185,11333,1068,76,0
521,2017,2,San Juan,26.96,48670,451,772,1073,9150,3,150,1930,58588,0,0,0,4,0
522,2017,2,San Luis,9.51,11432,1120,354,260,3750,4,80,40,14014,0,0,10,2,0
523,2017,2,Santa Cruz,26.25,15311,2722,1365,4735,2255,4,1880,240,30913,5410,660,330,0,0
524,2017,2,Santa Fe,52.27,329813,228102,3234,4958,1173,7,4967,38721,311830,92854,97563,16794,4275,0
525,2017,2,Santiago Del Estero,14.12,28337,3900,19,9110,290,5,260,3539,20384,6432,2802,160,0,0
526,2017,2,Tierra Del Fuego,68.46,22636,6905,665,10,235,3,160,2850,35409,0,0,0,0,0
527,2017,2,Tucumán,38.19,149013,5223,116,140,450,6,960,9236,83342,42536,17788,1371,21,0
528,2017,1,Buenos Aires,58.57,1559178,1465817,118839,212,24342,7,6017,83918,2057698,402315,52354,90937,22299,0
529,2017,1,Capital Federal,49.06575,428801,918328,38259,273,10928,8,5100,1409,678922,218487,277195,66536,19881,0
530,2017,1,Catamarca,25.66,26020,248,14,10,340,5,150,3328,15861,4901,2161,490,0,0
531,2017,1,Chaco,28.62,54430,34277,252,520,390,7,1910,3835,44544,21467,15671,3025,314,0
532,2017,1,Chubut,35.66,43994,999,916,13194,4793,3,4010,4182,73759,1808,0,0,0,0
533,2017,1,Córdoba,57.65,335673,293479,4871,5782,1394,7,500,28732,391556,82011,118643,19035,2071,0
534,2017,1,Corrientes,30.94,54993,31994,236,1354,310,6,150,604,48149,20586,11468,2044,303,0
535,2017,1,Entre Ríos,44.91,108509,65095,230,6448,710,6,168,808,108379,39146,20562,2254,317,0
536,2017,1,Formosa,19.84,22438,6215,16,1023,130,6,1535,3538,15473,4446,4058,6350,22,0
537,2017,1,Jujuy,22.76,33869,9278,22,0,340,4,3300,6213,27824,6486,2306,440,0,0
538,2017,1,La Pampa,62.67,12754,47195,5194,6253,5170,3,3620,9279,57739,3310,1920,1650,11,0
539,2017,1,La Rioja,16.2,16180,0,15,20,280,5,90,1578,9486,3409,1718,220,2,0
540,2017,1,Mendoza,31.84,153326,13030,2581,270,1769,4,1060,150,177201,860,500,50,22,0
541,2017,1,Misiones,29.52,57363,40142,101,50,80,7,101,4665,45950,23847,19356,2627,166,0
542,2017,1,Neuquén,61.02,51771,48109,1124,11665,267,6,1547,1418,83813,9020,1513,4223,458,0
543,2017,1,Río Negro,46.03,67075,28785,954,3213,1261,4,9860,5647,89622,2460,6738,1594,200,0
544,2017,1,Salta,32.58,79837,26845,114,1580,6790,5,5790,4861,70922,21554,9386,2670,74,0
545,2017,1,San Juan,27.04,48670,451,772,1073,9070,3,80,1920,58588,0,0,0,4,0
546,2017,1,San Luis,9.55,11432,1120,354,260,3750,4,80,40,14014,0,0,10,2,0
547,2017,1,Santa Cruz,26.52,15502,2722,1272,4733,2257,4,1900,230,31078,4740,680,300,0,0
548,2017,1,Santa Fe,51.97,327458,226094,3210,4948,1172,6,4966,39463,340418,77152,83008,15775,1831,0
549,2017,1,Santiago Del Estero,14.7,29616,3900,19,9110,290,5,260,3772,21659,6218,2786,170,0,0
550,2017,1,Tierra Del Fuego,68.92,22636,6905,665,10,235,3,160,2850,35409,0,0,0,0,0
551,2017,1,Tucumán,37.9,147373,5223,116,140,450,6,960,9682,86470,39155,15951,1383,13,0
552,2016,4,Buenos Aires,61.24,1563542,1414676,118747,21394,24342,6,6055,86281,2085605,403575,467398,72348,17279,0
553,2016,4,Capital Federal,49.06575,434835,914952,38161,2583,10928,8,5170,1477,704324,225723,264582,53506,16756,0
554,2016,4,Catamarca,26.54,26735,250,14,10,340,5,150,3478,16519,4889,2077,540,0,0
555,2016,4,Chaco,28.79,54974,33534,248,520,390,7,1910,3983,45634,21323,14887,2586,250,0
556,2016,4,Chubut,36.07,43994,955,916,13107,4793,3,4010,4493,73951,1352,0,0,0,0
557,2016,4,Córdoba,57.7,337368,289344,3368,5686,7890,6,500,2938,404645,77966,108368,15458,1606,0
558,2016,4,Corrientes,30.98,54981,31497,233,1354,310,6,150,6109,48995,20187,10908,1645,234,0
559,2016,4,Entre Ríos,45.21,109359,64141,226,6448,710,6,168,8253,110296,38491,19509,1801,280,0
560,2016,4,Formosa,19.85,22400,6061,16,1023,130,6,1573,3519,15791,4114,3855,6490,17,0
561,2016,4,Jujuy,22.65,33838,8731,22,0,340,4,3030,6225,27778,6143,2134,430,0,0
562,2016,4,La Pampa,63.02,12754,47245,5054,6253,5220,3,3680,9789,56694,160,3350,1320,11,0
563,2016,4,La Rioja,16.46,16270,0,16,20,280,5,90,1646,9635,3334,1675,130,3,0
564,2016,4,Mendoza,32.11,153320,13030,2579,270,1769,4,1140,160,177194,790,490,50,20,0
565,2016,4,Misiones,29.72,57983,39294,100,50,80,7,101,4783,47454,23433,18371,2215,126,0
566,2016,4,Neuquén,60.87,51742,46389,1124,1191,267,6,1539,1406,84859,7920,14153,3073,271,0
567,2016,4,Río Negro,46.39,67057,28474,954,3274,1261,4,9980,2953,92967,2480,6317,1174,122,0
568,2016,4,Salta,32.69,79389,26657,110,1580,6210,5,5770,5027,71636,20787,8611,2390,70,0
569,2016,4,San Juan,27.29,48670,451,772,1121,9070,3,80,2200,58608,0,0,0,4,0
570,2016,4,San Luis,9.64,11432,1120,354,260,3750,4,80,40,14014,0,0,10,2,0
571,2016,4,Santa Cruz,27.05,15607,2722,1055,4823,2257,4,1890,230,31369,3420,800,100,0,0
572,2016,4,Santa Fe,52.19,326721,225792,3201,4946,1172,6,4966,40102,349722,74401,77667,13155,1529,0
573,2016,4,Santiago Del Estero,15.07,30192,3900,19,9110,290,5,260,3925,22246,6178,2664,150,0,0
574,2016,4,Tierra Del Fuego,70.31,22636,6905,665,10,235,3,160,2850,35409,0,0,0,0,0
575,2016,4,Tucumán,37.98,146995,4482,116,140,450,6,960,10021,87994,37721,14389,14,10,0
576,2016,3,Buenos Aires,60.14,1574216,1355770,113463,18867,24276,6,5856,107945,2148475,39353,399116,529,13318,0
577,2016,3,Capital Federal,49.06575,447726,905105,36796,2514,10963,7,3310,9950,759028,208249,240856,38341,13886,0
578,2016,3,Catamarca,26.48,26689,248,14,10,180,5,150,4038,16183,4845,1853,500,0,0
579,2016,3,Chaco,28.91,56251,32730,232,20,150,7,1900,5227,46821,21193,13746,2022,217,0
580,2016,3,Chubut,36.18,43987,935,916,13364,475,3,4660,519,74375,6740,0,0,0,0
581,2016,3,Córdoba,58.24,348481,285480,2540,5695,3950,6,480,41329,415075,75988,99225,11691,1322,0
582,2016,3,Corrientes,31.07,55934,30813,217,1354,220,6,150,7425,49471,19956,10006,1263,210,0
583,2016,3,Entre Ríos,45.44,112588,61850,206,6441,640,6,1768,10657,110844,38665,17737,1307,248,0
584,2016,3,Formosa,18.64,21800,5905,9,0,20,5,1723,4277,15581,3964,3658,6480,10,0
585,2016,3,Jujuy,22.61,34250,8236,22,0,300,4,2860,6878,27425,5943,1978,310,0,0
586,2016,3,La Pampa,61.73,12751,45952,4910,6236,5150,3,3740,10187,55792,150,2240,1140,11,0
587,2016,3,La Rioja,17.07,16891,0,15,20,220,5,90,2349,9686,3316,1562,110,2,0
588,2016,3,Mendoza,32.09,153233,13030,2576,280,1757,4,370,100,178186,730,480,50,17,0
589,2016,3,Misiones,29.91,59776,38130,79,50,70,7,101,603,48871,23394,17043,1559,91,0
590,2016,3,Neuquén,60.21,51752,44739,1093,12402,2617,5,1531,1527,87404,6800,12541,2118,225,0
591,2016,3,Río Negro,46.39,67043,28496,942,3293,1252,4,1007,6026,90689,2070,5953,7900,99,0
592,2016,3,Salta,32.96,80866,26113,90,1570,5650,5,1107,6922,71214,20229,8099,1970,50,0
593,2016,3,San Juan,27.32,48670,451,770,1174,9030,3,80,2450,58577,0,0,0,2,0
594,2016,3,San Luis,9.63,11432,1113,354,230,3710,4,70,40,14077,0,0,10,2,0
595,2016,3,Santa Cruz,26.84,15570,2722,817,4978,217,4,1890,220,31904,2210,520,90,0,0
596,2016,3,Santa Fe,52.67,334911,223011,3037,4862,119,6,3958,49501,360606,72657,69864,1021,1308,0
597,2016,3,Santiago Del Estero,15.33,31730,3900,19,30,80,5,260,5097,22747,6216,2497,90,0,0
598,2016,3,Tierra Del Fuego,68.94,22636,6276,665,10,2347,3,160,2850,35080,0,0,0,0,0
599,2016,3,Tucumán,37.9,147259,3850,116,530,410,6,1270,12247,87970,36518,1315,1288,4,0
600,2016,2,Buenos Aires,59.34,1579448,1305949,113070,21163,25661,5,10786,133385,2250898,335296,334723,31494,11933,0
601,2016,2,Capital Federal,49.06575,450644,892209,36669,239,12672,7,4352,1736,859039,146091,21301,19597,13477,0
602,2016,2,Catamarca,26.07,26262,245,14,10,340,4,150,5736,14742,4567,1496,470,1,0
603,2016,2,Chaco,28.59,56112,31825,221,520,410,6,1970,8063,45823,20346,1209,1571,201,0
604,2016,2,Chubut,36.12,43977,867,916,13293,4803,3,5720,5421,73078,7750,0,0,0,0
605,2016,2,Córdoba,57.55,348891,277615,1709,561,1089,6,2580,5705,437547,7198,82618,8355,1242,0
606,2016,2,Corrientes,30.58,55511,29845,203,1354,430,6,410,10018,47916,192,8851,8030,191,0
607,2016,2,Entre Ríos,44.74,112809,58768,169,6434,1930,5,4734,16368,115000,36917,15522,8490,205,0
608,2016,2,Formosa,19.37,22101,5658,6,1023,140,5,1675,5401,14370,3569,3218,5930,10,0
609,2016,2,Jujuy,21.89,33758,7374,22,0,350,4,2561,8292,25301,5589,175,30,0,0
610,2016,2,La Pampa,60.44,12754,44654,4708,6225,5470,3,4290,10616,63928,150,1190,960,11,0
611,2016,2,La Rioja,16.88,16691,0,15,20,280,5,100,3151,9043,319,1344,30,5,0
612,2016,2,Mendoza,32.13,153321,13030,2576,290,1868,4,4370,300,176922,610,440,50,20,0
613,2016,2,Misiones,29.24,59573,36145,77,50,150,6,1973,7899,49586,21385,1482,1073,96,0
614,2016,2,Neuquén,59.1,51742,42370,1088,12466,2849,5,1916,1691,88854,5830,10241,1285,208,0
615,2016,2,Río Negro,46.24,67031,28100,939,33,1334,4,1189,6107,92158,1940,4877,5200,86,0
616,2016,2,Salta,32.08,79438,24719,85,1510,5390,5,216,10123,70875,18759,7129,1400,49,0
617,2016,2,San Juan,27.34,48670,451,770,1214,9080,3,100,2730,57589,0,0,0,4,0
618,2016,2,San Luis,9.6,11432,1063,354,300,3770,4,120,40,13931,0,0,10,2,0
619,2016,2,Santa Cruz,26.73,15453,2722,396,4996,2586,4,2440,260,31995,1420,200,0,0,0
620,2016,2,Santa Fe,52.44,336244,219088,2981,4744,1417,5,9486,67325,374960,68505,60469,6509,1277,0
621,2016,2,Santiago Del Estero,15.89,32101,3900,19,9110,300,4,7040,6705,22208,5943,2108,10,0,0
622,2016,2,Tierra Del Fuego,67.72,22636,5707,665,10,235,3,160,2860,38773,0,0,0,0,0
623,2016,2,Tucumán,37.24,145486,2968,116,580,490,5,2310,18515,83945,33891,1131,1032,2,0
624,2016,1,Buenos Aires,57.34,1583560,1200859,111231,21108,25757,5,7351,9788,2214760,289929,247372,8315,9529,0
625,2016,1,Capital Federal,49.06575,454425,832126,36332,2284,12729,6,231,43686,869048,178665,192644,6577,10838,0
626,2016,1,Catamarca,25.91,26096,243,15,10,340,4,150,6102,14653,4241,1334,420,1,0
627,2016,1,Chaco,28.08,56353,29994,211,520,410,6,1940,8755,46304,19388,10587,1238,184,0
628,2016,1,Chubut,36.09,43967,834,916,1328,4803,3,940,5095,72396,1066,0,0,0,0
629,2016,1,Córdoba,55.28,350884,252346,674,5636,3860,5,1480,59484,414452,65763,66455,4143,1039,0
630,2016,1,Corrientes,30.08,55454,28491,192,1354,450,5,290,1069,47833,18375,7911,5260,170,0
631,2016,1,Entre Ríos,43.85,113101,54948,146,6425,1930,5,2864,17749,104137,35104,14057,4570,165,0
632,2016,1,Formosa,19.04,21852,5420,5,1023,140,5,1738,5731,14163,3229,2906,5440,5,0
633,2016,1,Jujuy,21.41,33481,6751,22,0,350,4,2543,8558,22383,5188,1623,0,0,0
634,2016,1,La Pampa,57.84,12754,41881,4536,6209,5490,3,4260,11065,52117,150,780,710,11,0
635,2016,1,La Rioja,16.83,16645,0,16,20,280,5,100,3382,9060,298,1254,20,3,0
636,2016,1,Mendoza,32.12,153299,13030,2576,340,1871,4,2350,210,175376,470,430,50,17,0
637,2016,1,Misiones,28.37,59538,33330,70,50,150,6,9590,8502,50061,19195,13363,7790,68,0
638,2016,1,Neuquén,55.75,51702,36122,1085,12502,285,4,172,1737,86310,4790,7893,1430,171,0
639,2016,1,Río Negro,45.84,66894,27312,937,3341,1338,4,1171,6105,90038,2030,4246,770,81,0
640,2016,1,Salta,31.32,78973,22741,73,1320,5070,5,1119,10765,65646,17748,6643,1190,31,0
641,2016,1,San Juan,27.33,48670,451,770,1195,9080,3,90,3090,56447,0,0,0,2,0
642,2016,1,San Luis,9.59,11432,1042,354,270,3770,4,80,40,13645,0,0,10,2,0
643,2016,1,Santa Cruz,26.87,15654,2723,396,5088,2426,3,1680,290,32188,80,0,0,0,0
644,2016,1,Santa Fe,51.28,338052,204816,3014,4686,1428,5,6492,71565,353525,64117,51293,3754,1063,0
645,2016,1,Santiago Del Estero,16.21,32838,3900,19,9110,300,4,7030,7219,22805,5769,1898,0,0,0
646,2016,1,Tierra Del Fuego,65.83,22636,4834,665,10,235,3,160,2850,33003,0,0,0,0,0
647,2016,1,Tucumán,36.72,144233,2165,116,740,490,5,1060,20092,84008,3149,10046,8710,0,0
648,2015,4,Buenos Aires,58.29,1586343,1223603,103269,20397,25773,5,7985,100303,2253197,27456,240188,3835,8180,0
649,2015,4,Capital Federal,49.06575,455427,879950,19818,2273,12758,6,2417,46568,916813,172029,198635,3087,10899,0
650,2015,4,Catamarca,26.24,26180,242,15,10,340,4,150,6513,14484,4106,1313,390,1,0
651,2015,4,Chaco,28.35,56818,29456,186,520,410,6,1940,9593,46771,18608,10092,1136,159,0
652,2015,4,Chubut,36.89,43968,811,916,13521,4803,3,6250,5774,71881,1680,0,0,0,0
653,2015,4,Córdoba,57.36,353530,266062,480,5613,3850,5,1480,63746,427471,62989,67151,3336,1088,0
654,2015,4,Corrientes,30.34,55681,28178,177,1354,450,5,290,11248,48104,17877,7569,4560,150,0
655,2015,4,Entre Ríos,44.11,113983,53411,122,6427,1940,5,2865,18883,104224,33989,13668,3990,163,0
656,2015,4,Formosa,19.07,21734,5314,4,1023,140,5,1791,6081,14279,2704,2713,5190,4,0
657,2015,4,Jujuy,21.47,32934,6933,22,0,350,4,2551,8876,21867,5044,1587,0,0,0
658,2015,4,La Pampa,58.76,12755,42705,4327,6205,3740,3,5920,12951,48798,160,630,490,10,0
659,2015,4,La Rioja,17.32,16886,0,16,20,280,5,100,3638,9127,2937,1215,20,3,0
660,2015,4,Mendoza,32.49,153293,13030,2572,380,1874,4,2410,230,174719,380,410,50,13,0
661,2015,4,Misiones,28.69,60252,32533,48,50,150,6,9590,9169,51029,17281,1369,6750,52,0
662,2015,4,Neuquén,58.29,51680,38902,1048,12934,2852,4,1727,2061,89678,4550,7934,90,175,0
663,2015,4,Río Negro,46.44,66851,27221,915,3407,1328,4,3282,4473,89062,2010,4024,50,75,0
664,2015,4,Salta,31.59,78744,22446,47,1290,5540,5,1122,11387,65677,17139,6507,990,5,0
665,2015,4,San Juan,27.66,48670,451,770,123,9080,3,90,3860,55761,0,0,0,2,0
666,2015,4,San Luis,9.71,11432,1025,354,300,3770,4,80,40,13473,0,0,10,2,0
667,2015,4,Santa Cruz,27.74,15614,2723,396,5261,2409,3,1880,260,32338,30,0,0,0,0
668,2015,4,Santa Fe,52.61,339843,212911,2885,4596,1437,5,6659,7577,361264,60985,51258,3079,1189,0
669,2015,4,Santiago Del Estero,17.0,33582,4365,19,1139,300,4,7030,7836,23074,5669,1856,0,0,0
670,2015,4,Tierra Del Fuego,66.46,22636,4301,665,10,235,3,160,2850,32662,0,0,0,0,0
671,2015,4,Tucumán,37.06,144188,1653,116,880,500,5,1070,218,83887,29942,9507,8370,0,0
672,2015,3,Buenos Aires,57.69,1585467,1183894,113590,19989,25825,5,8361,107351,2266948,262564,200491,2642,7720,0
673,2015,3,Capital Federal,49.06575,454815,871262,30974,2229,12788,6,2448,4934,942525,159618,175594,2028,10022,0
674,2015,3,Catamarca,25.86,25801,242,15,10,340,4,150,6871,14206,4143,8120,430,1,0
675,2015,3,Chaco,27.96,56282,28809,186,520,410,5,2400,10353,47131,19016,7498,9790,157,0
676,2015,3,Chubut,36.81,43964,792,916,13408,4803,3,6410,5886,71668,1670,0,0,0,0
677,2015,3,Córdoba,57.08,351692,264055,1450,5412,3890,5,1500,68765,429787,61109,59372,2582,1048,0
678,2015,3,Corrientes,30.17,55792,27604,176,134,470,5,330,11921,48127,18168,6111,4530,146,0
679,2015,3,Entre Ríos,43.68,113909,51945,122,6261,1970,5,2863,20385,103990,34788,9924,3840,153,0
680,2015,3,Formosa,18.84,21573,5264,2,8990,140,4,1862,6521,14354,2791,1842,3790,2,0
681,2015,3,Jujuy,21.27,32598,6895,22,0,350,4,2549,9278,21588,5169,9660,0,0,0
682,2015,3,La Pampa,57.96,12755,41886,4078,6195,5570,3,6130,13087,47660,90,550,390,10,0
683,2015,3,La Rioja,17.15,16725,0,16,20,280,4,100,384,9102,2984,8320,0,3,0
684,2015,3,Mendoza,32.49,153299,13030,2572,420,188,4,2560,250,173430,450,180,50,13,0
685,2015,3,Misiones,28.31,59921,31635,46,50,150,6,9580,9809,51234,17367,11654,5590,43,0
686,2015,3,Neuquén,54.6,47102,36620,1045,13051,2798,4,1733,2124,85044,2100,6599,20,155,0
687,2015,3,Río Negro,46.39,66806,27130,917,3415,1346,4,3372,4457,88691,990,3826,10,62,0
688,2015,3,Salta,31.18,78064,21688,47,1290,6450,4,1126,12223,65405,17451,4318,610,5,0
689,2015,3,San Juan,27.67,48670,451,770,1231,9080,3,90,3910,54963,0,0,0,2,0
690,2015,3,San Luis,9.71,11432,1025,354,310,3770,4,90,40,13286,0,0,10,2,0
691,2015,3,Santa Cruz,27.61,15540,2718,396,5226,2391,3,1900,250,32266,20,0,0,0,0
692,2015,3,Santa Fe,52.15,337042,209673,4169,4426,1428,5,6767,80817,363177,59531,42021,232,1133,0
693,2015,3,Santiago Del Estero,17.12,33886,4365,19,1097,300,4,7030,8332,23158,5956,1249,0,0,0
694,2015,3,Tierra Del Fuego,74.86,22636,8085,665,10,235,3,150,2850,36408,20,0,0,0,0
695,2015,3,Tucumán,36.61,142925,1135,116,880,500,5,1070,23687,83654,29998,6232,6230,0,0
696,2015,2,Buenos Aires,56.8,1581770,1141052,115660,19268,2604,4,8714,137189,2299705,243503,159922,201,6712,0
697,2015,2,Capital Federal,49.06575,453178,858342,19786,2172,12806,5,2493,51799,990112,148569,142976,1482,9258,0
698,2015,2,Catamarca,25.45,25387,242,15,10,340,4,150,7253,14003,3776,5930,370,1,0
699,2015,2,Chaco,27.46,55767,27809,179,520,410,5,2880,11058,47551,17675,6337,7880,149,0
700,2015,2,Chubut,36.58,43949,762,916,13055,4803,3,6560,6032,55791,1680,0,0,0,0
701,2015,2,Córdoba,55.87,348130,255596,435,5199,3860,5,1560,72695,434717,54993,46415,1956,903,0
702,2015,2,Corrientes,29.58,55238,26553,157,1321,470,5,340,12542,48015,17184,5039,3790,126,0
703,2015,2,Entre Ríos,42.93,113378,49767,119,6031,1970,5,2864,21986,104043,32293,7867,3540,136,0
704,2015,2,Formosa,18.36,21097,5164,2,7370,500,4,1881,6907,14247,2436,1324,2570,1,0
705,2015,2,Jujuy,20.29,32183,5482,22,0,350,3,2479,9474,20248,4792,7300,0,0,0
706,2015,2,La Pampa,56.71,12756,40825,3719,619,5620,3,5737,8182,46235,270,240,250,10,0
707,2015,2,La Rioja,16.88,16463,0,16,20,280,4,100,4082,9093,268,6410,0,3,0
708,2015,2,Mendoza,32.49,153301,13030,2572,380,1882,4,2680,260,170451,420,160,50,13,0
709,2015,2,Misiones,27.35,59179,29283,37,50,150,5,9580,1036,51671,15022,10072,4080,33,0
710,2015,2,Neuquén,53.12,47078,34183,1044,12781,2799,4,1755,2348,82727,2140,5168,20,110,0
711,2015,2,Río Negro,45.98,66738,26268,916,3457,1348,4,3413,4525,87362,970,324,10,51,0
712,2015,2,Salta,30.46,77214,20297,47,1290,5800,4,1123,1302,64737,16241,3114,290,5,0
713,2015,2,San Juan,27.64,48670,451,770,1189,9080,3,80,4100,51568,0,0,0,2,0
714,2015,2,San Luis,9.71,11432,1025,354,330,3770,4,90,40,13204,0,0,10,2,0
715,2015,2,Santa Cruz,27.07,15343,2707,396,4917,24,3,2100,250,25519,20,0,0,0,0
716,2015,2,Santa Fe,51.18,333117,204685,2877,432,1389,4,6827,86016,364441,53205,33894,1856,1014,0
717,2015,2,Santiago Del Estero,17.11,33873,4365,19,1091,300,4,7030,8779,23456,5553,8880,0,0,0
718,2015,2,Tierra Del Fuego,74.51,22636,7927,665,10,235,3,150,2850,36073,20,0,0,0,0
719,2015,2,Tucumán,35.69,139944,479,116,880,500,4,1070,25178,83462,26966,4502,4550,0,0
720,2015,1,Buenos Aires,56.37,1583135,1096836,134177,18754,2894,4,8882,123589,2267852,22007,126958,1561,5700,0
721,2015,1,Capital Federal,49.06575,454934,841743,19334,1994,14716,5,2545,59084,1013510,134151,114569,1195,8401,0
722,2015,1,Catamarca,25.11,25033,241,16,10,410,3,130,7634,13754,3202,5170,90,1,0
723,2015,1,Chaco,26.65,54952,26161,164,270,560,5,260,12053,47425,15883,5346,4890,135,0
724,2015,1,Chubut,37.61,45645,717,906,1254,5465,3,6510,6176,57333,1020,0,0,0,0
725,2015,1,Córdoba,54.7,343883,247564,415,4645,4500,4,1570,78427,432802,46574,37443,1615,815,0
726,2015,1,Corrientes,28.95,54649,25372,129,1319,620,5,360,13295,47842,15554,4424,2350,98,0
727,2015,1,Entre Ríos,42.07,112363,47411,108,5943,2450,4,2867,23951,104168,28113,6926,2740,119,0
728,2015,1,Formosa,18.12,21022,4951,1,6700,560,3,1891,7336,14413,2024,8780,1570,1,0
729,2015,1,Jujuy,19.69,31505,5048,22,0,360,3,2458,9754,19858,3939,6030,0,0,0
730,2015,1,La Pampa,55.51,13143,39571,3215,6164,6040,3,6059,8054,45038,260,100,130,10,0
731,2015,1,La Rioja,16.7,16282,0,16,20,330,4,110,4201,9379,2207,5330,0,3,0
732,2015,1,Mendoza,32.37,152433,13030,2542,290,2126,4,2870,240,169763,380,160,60,11,0
733,2015,1,Misiones,26.31,58262,26836,30,50,130,5,9580,11136,51906,12387,8543,1940,26,0
734,2015,1,Neuquén,51.95,47518,32152,1024,12088,296,4,1895,2577,80787,1700,4067,20,76,0
735,2015,1,Río Negro,45.33,66274,25217,907,3473,1462,4,3371,4913,86173,940,2632,20,42,0
736,2015,1,Salta,30.01,76280,19781,47,1290,5740,4,1123,14151,64992,13955,2569,150,5,0
737,2015,1,San Juan,27.55,48441,451,755,1165,1007,3,80,4450,51346,0,0,0,2,0
738,2015,1,San Luis,9.72,11414,1025,351,300,4120,4,100,80,12720,0,10,0,2,0
739,2015,1,Santa Cruz,27.99,16215,2700,392,4772,2562,3,2050,270,26048,20,0,0,0,0
740,2015,1,Santa Fe,50.24,328809,199037,2845,4239,1507,4,6883,93096,360964,4527,27597,1542,900,0
741,2015,1,Santiago Del Estero,17.06,33813,4365,19,102,350,4,7010,9236,23136,4796,7480,0,0,0
742,2015,1,Tierra Del Fuego,74.23,22291,7924,657,10,2583,3,140,6090,36319,20,0,0,0,0
743,2015,1,Tucumán,35.08,137857,115,116,880,1000,4,1070,27143,83895,23061,3722,3340,0,0
744,2014,4,Buenos Aires,56.09,1575978,1070135,120528,17728,32038,4,8226,132937,2250445,20362,104322,9970,5406,0
745,2014,4,Capital Federal,49.06575,455785,840224,17155,1962,15394,5,2698,62896,1038269,123451,95772,8900,7997,0
746,2014,4,Catamarca,25.51,25192,241,16,0,440,3,210,8047,14093,291,4210,0,1,0
747,2014,4,Chaco,21.87,55024,10918,31,0,620,4,4830,12837,42106,7908,26,1240,2,0
748,2014,4,Chubut,40.25,48539,697,891,12256,6159,3,1858,6218,60392,700,0,0,0,0
749,2014,4,Córdoba,54.7,345157,240452,419,3918,4860,4,1903,85362,427844,41947,30858,1177,782,0
750,2014,4,Corrientes,23.56,54754,9526,40,1315,750,4,400,1386,42182,7513,2106,0,9,0
751,2014,4,Entre Ríos,36.03,112291,23027,57,5178,2600,4,2311,27801,88649,18318,3584,10,66,0
752,2014,4,Formosa,17.96,21245,4896,1,0,650,3,1947,783,14058,1852,4730,470,1,0
753,2014,4,Jujuy,19.6,31349,4583,22,370,110,3,188,10427,19740,3443,4650,0,0,0
754,2014,4,La Pampa,51.27,16043,34281,514,5894,6480,3,6266,6879,36520,260,50,40,10,0
755,2014,4,La Rioja,17.01,16352,0,17,0,330,4,90,4333,9728,1943,3860,0,3,0
756,2014,4,Mendoza,32.64,151797,13030,2534,310,2222,4,3030,190,169222,360,140,50,12,0
757,2014,4,Misiones,24.16,58435,18613,16,1500,150,4,5470,1184,53093,8731,2952,540,12,0
758,2014,4,Neuquén,52.55,47721,31778,1014,11853,303,4,1731,2744,80938,1260,3621,20,66,0
759,2014,4,Río Negro,45.48,66307,23703,901,3819,153,4,364,4723,85094,940,2319,40,30,0
760,2014,4,Salta,29.53,76026,17289,48,60,5780,4,540,16214,63221,12552,1922,0,4,0
761,2014,4,San Juan,28.04,48653,451,740,1202,1073,3,110,4780,51628,0,0,0,2,0
762,2014,4,San Luis,9.79,11419,926,355,240,4230,4,90,0,13135,0,0,10,2,0
763,2014,4,Santa Cruz,27.8,17553,448,388,4395,2929,3,1560,14,24145,10,10,0,0,0
764,2014,4,Santa Fe,50.0,335267,183009,3205,6282,1634,4,8707,99962,359293,36718,21098,8690,824,0
765,2014,4,Santiago Del Estero,17.27,34110,4231,19,9200,370,3,1246,8913,24181,4359,6020,0,0,0
766,2014,4,Tierra Del Fuego,66.14,21948,3664,655,10,2722,3,120,2830,31489,20,0,0,0,0
767,2014,4,Tucumán,35.32,137093,97,116,130,1050,4,170,28746,85091,20631,2733,1960,0,0
768,2014,3,Buenos Aires,56.75,1562533,1110628,124474,20049,31881,4,7355,128187,2281524,156693,68947,2430,4232,0
769,2014,3,Capital Federal,49.06575,450155,833402,17886,1995,14387,4,8400,78016,1060145,10217,70907,950,6626,0
770,2014,3,Catamarca,24.71,24380,244,15,0,470,3,190,8845,13790,1915,1110,0,0,0
771,2014,3,Chaco,21.11,53321,10336,29,10,590,3,3980,14731,41934,5428,1274,50,0,0
772,2014,3,Chubut,40.6,49219,668,882,11853,6515,3,2013,6281,60771,340,0,0,0,0
773,2014,3,Córdoba,54.23,340212,240334,444,4064,3770,4,6600,98992,435692,28992,18888,840,664,0
774,2014,3,Corrientes,22.79,52957,9184,31,1312,650,3,210,15448,41717,5181,1172,0,0,0
775,2014,3,Entre Ríos,34.98,108907,22440,48,5203,1350,3,1709,2971,91450,12569,131,0,48,0
776,2014,3,Formosa,17.77,21021,4836,0,0,800,3,2001,8323,14202,1324,850,0,0,0
777,2014,3,Jujuy,18.37,30128,3541,22,370,130,3,1270,10979,20216,2305,820,0,0,0
778,2014,3,La Pampa,55.78,16051,33940,538,11219,6770,3,6458,6645,41009,240,50,40,10,0
779,2014,3,La Rioja,16.51,15864,0,14,10,370,3,100,4785,9720,1337,610,0,0,0
780,2014,3,Mendoza,32.31,150120,13030,2512,400,2222,4,350,0,167763,310,120,130,1,0
781,2014,3,Misiones,23.57,56933,18373,4,30,140,4,6400,13637,53510,5928,1606,0,1,0
782,2014,3,Neuquén,56.4,54458,30964,1000,12858,3087,4,1522,3099,80090,1070,2865,100,27,0
783,2014,3,Río Negro,46.2,65264,26590,888,3533,1505,3,364,5189,86868,870,1944,80,9,0
784,2014,3,Salta,29.22,73828,18394,43,1090,5800,3,7320,17481,66026,8314,3880,0,0,0
785,2014,3,San Juan,27.85,48272,451,731,1199,1126,3,80,4870,51276,0,0,0,0,0
786,2014,3,San Luis,9.71,11303,925,355,250,4380,4,80,0,13029,0,0,30,0,0
787,2014,3,Santa Cruz,28.23,17862,492,385,4273,3098,3,1950,1624,24248,10,10,0,0,0
788,2014,3,Santa Fe,49.2,325577,183630,4407,654,7330,3,823,112593,357615,23962,12124,380,806,0
789,2014,3,Santiago Del Estero,16.49,32820,3900,19,7680,410,3,7910,9914,23826,2867,1420,0,0,0
790,2014,3,Tierra Del Fuego,65.69,21840,3469,650,10,2832,3,120,3360,32348,20,0,0,0,0
791,2014,3,Tucumán,33.94,131739,97,117,130,1000,3,60,32716,84668,14101,5590,40,0,0
792,2014,2,Buenos Aires,55.06,1568881,1025490,120008,1702,33147,4,6902,162274,2288772,140226,56549,2840,4309,0
793,2014,2,Capital Federal,49.06575,447637,828411,17729,1883,14555,4,8470,81431,1078213,87359,56004,590,6427,0
794,2014,2,Catamarca,24.7,24380,243,17,0,430,3,190,8844,13794,1915,1110,0,0,0
795,2014,2,Chaco,20.96,53321,9870,30,0,580,3,4120,14854,41530,5418,1085,50,0,0
796,2014,2,Chubut,41.41,51070,649,866,1096,6974,3,2064,6582,61868,0,0,0,0,0
797,2014,2,Córdoba,53.45,337825,234729,351,3673,3740,4,2105,101598,429536,28698,14824,760,627,0
798,2014,2,Corrientes,22.58,52883,8680,31,1309,550,3,200,15563,41219,5199,9560,0,0,0
799,2014,2,Entre Ríos,34.69,108900,21706,49,4795,1330,3,2187,32781,86757,12564,1162,0,44,0
800,2014,2,Formosa,17.54,20894,4628,0,0,780,3,2032,8218,13944,1321,850,0,0,0
801,2014,2,Jujuy,18.71,30128,4161,23,400,90,3,1873,11233,18851,2305,820,0,0,0
802,2014,2,La Pampa,49.71,15957,32600,513,5869,6890,3,7032,6761,34089,180,50,40,10,0
803,2014,2,La Rioja,16.5,15864,0,14,0,340,3,100,4785,9719,1337,610,0,0,0
804,2014,2,Mendoza,32.1,148979,13030,2480,360,2282,4,350,60,166710,310,100,50,10,0
805,2014,2,Misiones,23.37,56933,17594,4,1500,80,4,5400,13644,53245,5924,1334,20,0,0
806,2014,2,Neuquén,50.84,47767,29776,997,10765,2983,4,1531,3206,79087,920,2289,20,30,0
807,2014,2,Río Negro,45.33,64920,24944,876,3657,156,3,3468,5507,84978,780,1569,20,8,0
808,2014,2,Salta,28.91,73841,17504,45,70,5770,3,530,18818,64440,8293,3880,0,0,0
809,2014,2,San Juan,27.78,48161,451,722,1139,1173,3,100,5070,51129,0,0,0,0,0
810,2014,2,San Luis,9.72,11306,925,354,220,4480,4,70,0,13045,0,0,10,2,0
811,2014,2,Santa Cruz,29.38,18956,448,381,4118,3266,3,1530,1637,25374,20,0,0,0,0
812,2014,2,Santa Fe,48.39,324101,178495,3085,6041,6360,3,8515,115197,353559,23939,10058,340,792,0
813,2014,2,Santiago Del Estero,16.7,32820,4231,19,9070,340,3,1231,9914,23842,2867,1420,0,0,0
814,2014,2,Tierra Del Fuego,64.36,21618,3008,648,10,2934,3,120,3340,31198,20,0,0,0,0
815,2014,2,Tucumán,33.94,131740,97,121,130,980,3,60,32714,84675,14101,5590,40,0,0
816,2014,1,Buenos Aires,54.57,1567685,1000879,120960,16528,33824,4,8469,171244,2279875,121787,38923,2060,4037,0
817,2014,1,Capital Federal,49.06575,445569,820161,17767,1866,14555,4,8520,88826,1096050,70293,38798,550,6208,0
818,2014,1,Catamarca,24.25,24126,46,17,0,430,3,190,9147,13330,1672,640,0,0,0
819,2014,1,Chaco,20.72,52971,9497,30,0,580,3,4380,15849,40869,4644,7410,50,0,0
820,2014,1,Chubut,41.24,51066,539,866,10776,6974,3,7452,100,61329,0,0,0,0,0
821,2014,1,Córdoba,52.52,336841,225769,347,3585,3680,3,2076,107705,423114,24112,9818,400,588,0
822,2014,1,Corrientes,22.32,52565,8279,31,1306,550,3,200,16357,40742,4486,6300,0,0,0
823,2014,1,Entre Ríos,34.37,107883,21379,49,4887,1330,3,2177,35206,85248,10828,7460,0,43,0
824,2014,1,Formosa,17.42,20774,4548,0,0,1000,3,2062,8475,13685,1133,670,0,0,0
825,2014,1,Jujuy,18.42,29765,4030,23,0,90,3,1832,11498,18415,2002,560,0,0,0
826,2014,1,La Pampa,48.43,15826,31305,513,5848,7010,3,7434,6535,32501,170,50,40,10,0
827,2014,1,La Rioja,16.29,15663,0,14,0,340,3,100,5111,9390,1165,350,0,0,0
828,2014,1,Mendoza,31.91,148970,12076,2480,370,2282,4,350,60,166655,190,100,60,9,0
829,2014,1,Misiones,23.14,56597,17191,4,1500,80,3,5450,1446,52852,5139,9580,0,0,0
830,2014,1,Neuquén,49.79,47790,28161,997,10381,3051,4,4133,9870,77148,840,1582,20,22,0
831,2014,1,Río Negro,44.91,64886,24156,876,3576,1572,3,467,4618,84304,730,1062,10,8,0
832,2014,1,Salta,28.7,73131,17538,45,80,5680,3,530,19677,64061,7192,3140,0,0,0
833,2014,1,San Juan,27.6,48161,434,722,8080,1173,3,5310,20,51056,0,0,0,0,0
834,2014,1,San Luis,9.35,11306,428,354,210,4480,4,70,30,12544,0,10,0,2,0
835,2014,1,Santa Cruz,28.94,18927,100,381,4092,3264,3,1610,1625,24972,10,10,0,0,0
836,2014,1,Santa Fe,47.85,322662,174296,3059,5951,6440,3,8456,124468,345225,20328,6845,230,668,0
837,2014,1,Santiago Del Estero,16.31,32567,3598,19,9150,340,3,1234,10531,22817,2422,1090,0,0,0
838,2014,1,Tierra Del Fuego,63.97,21618,2837,648,10,2934,3,120,6070,30902,60,0,0,0,0
839,2014,1,Tucumán,33.42,129717,83,121,130,980,3,60,34672,83210,11779,3620,30,0,0
